FIRSTTEAM,SECONDTEAM,SCORE1,SCORE2,TICKETSSOLD,DAY
Houston Rockets,Phoenix Suns,97,89,6395,Thursday
Atlanta Hawks,Toronto Raptors,98,75,6997,Tuesday
Golden State Warriors,Atlanta Hawks,89,115,6929,Wednesday
Portland Trail Blazers,Utah Jazz,110,100,8410,Tuesday
Portland Trail Blazers,Toronto Raptors,83,102,5542,Friday
Phoenix Suns,Miami Heat,102,64,5258,Friday
Toronto Raptors,Minnesota Timberwolves,109,108,13148,Sunday
Chicago Bulls,Phoenix Suns,69,89,7695,Wednesday
Houston Rockets,New York Knicks,77,75,18011,Saturday
Orlando Magic,Minnesota Timberwolves,84,86,7119,Tuesday
Houston Rockets,New Orleans Pelicans,77,73,5621,Tuesday
Memphis Grizzlies,Brooklyn Nets,82,82,18818,Saturday
Dallas Mavericks,Indiana Pacers,80,108,6097,Friday
Cleveland Cavaliers,Dallas Mavericks,88,90,18222,Sunday
Memphis Grizzlies,Minnesota Timberwolves,89,90,16173,Sunday
Miami Heat,Los Angeles Lakers,76,82,5093,Tuesday
Charlotte Hornets,Minnesota Timberwolves,74,86,7707,Monday
Cleveland Cavaliers,San Antonio Spurs,85,81,6339,Friday
Indiana Pacers,Atlanta Hawks,66,66,19478,Saturday
Philadelphia 76ers,Golden State Warriors,117,117,15361,Saturday
Milwaukee Bucks,Houston Rockets,73,118,9608,Tuesday
Miami Heat,Brooklyn Nets,105,82,9228,Thursday
Los Angeles Clippers,Sacramento Kings,115,106,8579,Friday
Milwaukee Bucks,Cleveland Cavaliers,96,94,13566,Saturday
Sacramento Kings,Detroit Pistons,108,108,12621,Saturday
Golden State Warriors,New York Knicks,115,96,7587,Thursday
Golden State Warriors,Philadelphia 76ers,94,106,6408,Monday
Toronto Raptors,Boston Celtics,77,90,6127,Tuesday
Portland Trail Blazers,Golden State Warriors,97,119,5605,Tuesday
New York Knicks,New York Knicks,78,80,19688,Sunday
Phoenix Suns,Denver Nuggets,119,120,18026,Sunday
Atlanta Hawks,Orlando Magic,64,108,5768,Friday
Portland Trail Blazers,Oklahoma City Thunder,71,67,5942,Tuesday
Boston Celtics,Utah Jazz,94,99,7650,Friday
Memphis Grizzlies,Sacramento Kings,71,97,8045,Monday
San Antonio Spurs,Chicago Bulls,67,65,18718,Saturday
Cleveland Cavaliers,Dallas Mavericks,85,108,5203,Wednesday
Detroit Pistons,Los Angeles Clippers,83,101,8887,Friday
Boston Celtics,Chicago Bulls,99,97,13684,Saturday
Washington Wizards,Orlando Magic,85,94,9403,Friday
Miami Heat,Milwaukee Bucks,62,114,6534,Tuesday
Orlando Magic,Indiana Pacers,104,103,16152,Sunday
Minnesota Timberwolves,Detroit Pistons,110,113,8751,Monday
Washington Wizards,Miami Heat,78,93,8383,Tuesday
Charlotte Hornets,Cleveland Cavaliers,113,78,5384,Monday
Brooklyn Nets,Denver Nuggets,80,70,5387,Tuesday
Cleveland Cavaliers,Detroit Pistons,105,107,14129,Sunday
Atlanta Hawks,Miami Heat,95,62,7077,Monday
Golden State Warriors,Golden State Warriors,120,84,8765,Friday
San Antonio Spurs,Miami Heat,113,78,9300,Wednesday
Indiana Pacers,Minnesota Timberwolves,78,99,7745,Tuesday
New York Knicks,Charlotte Hornets,107,82,8838,Thursday
Memphis Grizzlies,Toronto Raptors,108,68,8324,Wednesday
Minnesota Timberwolves,Houston Rockets,91,73,7177,Thursday
Brooklyn Nets,Indiana Pacers,108,96,5903,Thursday
Boston Celtics,Atlanta Hawks,94,89,6531,Wednesday
Toronto Raptors,Milwaukee Bucks,109,68,5449,Wednesday
Golden State Warriors,Detroit Pistons,102,86,6047,Wednesday
Los Angeles Clippers,Boston Celtics,79,82,8674,Tuesday
Houston Rockets,Orlando Magic,61,62,12762,Saturday
Chicago Bulls,Houston Rockets,75,74,18131,Sunday
Orlando Magic,Minnesota Timberwolves,76,75,16262,Sunday
Orlando Magic,Minnesota Timberwolves,101,100,18257,Sunday
San Antonio Spurs,Boston Celtics,60,82,5754,Monday
Denver Nuggets,Oklahoma City Thunder,61,101,5402,Wednesday
Denver Nuggets,Toronto Raptors,71,96,6778,Wednesday
Atlanta Hawks,Portland Trail Blazers,108,94,9121,Wednesday
Cleveland Cavaliers,Los Angeles Clippers,67,68,17359,Sunday
Chicago Bulls,Dallas Mavericks,61,90,5887,Thursday
Houston Rockets,Golden State Warriors,110,75,7068,Friday
Utah Jazz,Philadelphia 76ers,92,66,8788,Tuesday
Portland Trail Blazers,Washington Wizards,86,65,8541,Wednesday
Golden State Warriors,Chicago Bulls,113,112,13517,Sunday
Houston Rockets,Indiana Pacers,113,61,7506,Friday
Brooklyn Nets,Memphis Grizzlies,87,78,5745,Friday
San Antonio Spurs,Phoenix Suns,79,87,8663,Tuesday
Toronto Raptors,Milwaukee Bucks,78,79,13357,Sunday
Indiana Pacers,Washington Wizards,95,97,11049,Saturday
Los Angeles Clippers,Golden State Warriors,69,70,16037,Saturday
Los Angeles Clippers,Los Angeles Lakers,67,111,7701,Thursday
Milwaukee Bucks,Indiana Pacers,79,115,7973,Wednesday
Houston Rockets,Miami Heat,87,87,15269,Saturday
Detroit Pistons,Dallas Mavericks,61,61,13854,Saturday
New York Knicks,Toronto Raptors,94,102,6893,Friday
Phoenix Suns,Minnesota Timberwolves,69,80,8070,Thursday
Washington Wizards,Portland Trail Blazers,81,81,17077,Saturday
Atlanta Hawks,Dallas Mavericks,101,76,8539,Thursday
Cleveland Cavaliers,New York Knicks,68,66,7159,Monday
Milwaukee Bucks,Houston Rockets,87,74,9939,Monday
Utah Jazz,Los Angeles Clippers,117,102,7645,Wednesday
Utah Jazz,Minnesota Timberwolves,61,120,9612,Wednesday
Philadelphia 76ers,Phoenix Suns,92,86,6505,Monday
Houston Rockets,Denver Nuggets,79,80,5354,Thursday
Charlotte Hornets,Charlotte Hornets,91,88,8867,Tuesday
Washington Wizards,San Antonio Spurs,117,120,19526,Sunday
Philadelphia 76ers,Indiana Pacers,86,77,7925,Thursday
New York Knicks,Cleveland Cavaliers,74,74,17619,Saturday
Denver Nuggets,Golden State Warriors,61,58,16908,Saturday
Dallas Mavericks,Indiana Pacers,108,108,14827,Sunday
New Orleans Pelicans,Philadelphia 76ers,97,91,8120,Thursday
Washington Wizards,Oklahoma City Thunder,116,113,19605,Sunday
Orlando Magic,Oklahoma City Thunder,91,96,7233,Monday
Washington Wizards,Brooklyn Nets,106,108,9007,Friday
Chicago Bulls,Dallas Mavericks,110,112,14353,Sunday
Phoenix Suns,Boston Celtics,96,66,7266,Wednesday
Denver Nuggets,New Orleans Pelicans,78,65,8195,Thursday
Chicago Bulls,Denver Nuggets,107,60,5574,Wednesday
Cleveland Cavaliers,Memphis Grizzlies,90,89,16058,Saturday
Sacramento Kings,Chicago Bulls,75,67,9202,Tuesday
Orlando Magic,Chicago Bulls,85,93,7349,Tuesday
Detroit Pistons,Cleveland Cavaliers,118,79,8848,Monday
New York Knicks,Los Angeles Clippers,99,88,9366,Friday
Detroit Pistons,Portland Trail Blazers,80,80,15709,Sunday
Toronto Raptors,Cleveland Cavaliers,109,83,6661,Thursday
Minnesota Timberwolves,Dallas Mavericks,111,118,8281,Monday
Portland Trail Blazers,San Antonio Spurs,107,116,5343,Monday
Philadelphia 76ers,Atlanta Hawks,116,68,9711,Thursday
Brooklyn Nets,Washington Wizards,77,76,9217,Thursday
Dallas Mavericks,Oklahoma City Thunder,73,84,9871,Monday
Dallas Mavericks,Minnesota Timberwolves,104,104,11925,Sunday
Minnesota Timberwolves,Sacramento Kings,101,66,8745,Friday
Utah Jazz,New York Knicks,106,63,6848,Monday
Toronto Raptors,Cleveland Cavaliers,108,108,19347,Saturday
Houston Rockets,Toronto Raptors,80,87,7473,Friday
Chicago Bulls,Denver Nuggets,111,111,18347,Saturday
Phoenix Suns,Toronto Raptors,120,79,7476,Tuesday
Portland Trail Blazers,Golden State Warriors,110,96,9094,Monday
Memphis Grizzlies,San Antonio Spurs,104,78,8106,Monday
Miami Heat,Milwaukee Bucks,76,81,5719,Tuesday
Utah Jazz,Oklahoma City Thunder,90,90,17105,Saturday
Phoenix Suns,Portland Trail Blazers,108,107,16285,Saturday
New Orleans Pelicans,Indiana Pacers,106,105,14855,Saturday
Memphis Grizzlies,Boston Celtics,78,110,6610,Thursday
Utah Jazz,Utah Jazz,117,114,7825,Thursday
Atlanta Hawks,Orlando Magic,64,64,18370,Sunday
New York Knicks,Philadelphia 76ers,81,99,7469,Tuesday
Phoenix Suns,Detroit Pistons,102,103,12393,Sunday
Indiana Pacers,Toronto Raptors,111,91,8628,Tuesday
Chicago Bulls,Toronto Raptors,70,69,16822,Saturday
Detroit Pistons,Los Angeles Clippers,98,66,8352,Monday
Philadelphia 76ers,Philadelphia 76ers,113,113,15517,Sunday
Phoenix Suns,New Orleans Pelicans,103,105,14726,Saturday
Milwaukee Bucks,Utah Jazz,79,81,7148,Thursday
Utah Jazz,Toronto Raptors,86,113,7471,Wednesday
Sacramento Kings,Miami Heat,81,110,6477,Friday
Milwaukee Bucks,Dallas Mavericks,67,117,6987,Monday
New York Knicks,Houston Rockets,101,71,5850,Friday
New York Knicks,Detroit Pistons,111,84,7729,Thursday
Milwaukee Bucks,Denver Nuggets,92,120,5056,Monday
Orlando Magic,Memphis Grizzlies,115,114,6599,Thursday
Phoenix Suns,Toronto Raptors,116,105,8852,Thursday
Philadelphia 76ers,Minnesota Timberwolves,97,103,9318,Thursday
Los Angeles Lakers,Golden State Warriors,114,115,18933,Saturday
Milwaukee Bucks,Toronto Raptors,81,71,7088,Monday
Milwaukee Bucks,Philadelphia 76ers,108,75,9071,Thursday
Indiana Pacers,San Antonio Spurs,110,109,14590,Saturday
Charlotte Hornets,Orlando Magic,104,107,5834,Friday
Detroit Pistons,Denver Nuggets,83,106,9830,Monday
New York Knicks,Sacramento Kings,105,117,8696,Monday
Atlanta Hawks,Denver Nuggets,70,69,12060,Saturday
New Orleans Pelicans,Utah Jazz,94,111,6047,Tuesday
Los Angeles Clippers,Memphis Grizzlies,86,83,10338,Saturday
New York Knicks,Toronto Raptors,81,80,20973,Saturday
Phoenix Suns,Portland Trail Blazers,82,83,18995,Saturday
Atlanta Hawks,Washington Wizards,86,77,8442,Monday
Milwaukee Bucks,Philadelphia 76ers,117,108,8916,Monday
Los Angeles Clippers,Los Angeles Lakers,87,105,5381,Thursday
Philadelphia 76ers,Chicago Bulls,98,107,8530,Tuesday
Houston Rockets,Oklahoma City Thunder,60,83,9904,Friday
Atlanta Hawks,Brooklyn Nets,116,77,7832,Thursday
New Orleans Pelicans,New York Knicks,77,120,5969,Friday
Sacramento Kings,Golden State Warriors,101,115,7190,Friday
Denver Nuggets,Minnesota Timberwolves,85,110,9485,Monday
Cleveland Cavaliers,Brooklyn Nets,82,105,7260,Tuesday
Philadelphia 76ers,Denver Nuggets,66,85,7177,Wednesday
Memphis Grizzlies,Portland Trail Blazers,84,119,9390,Tuesday
Chicago Bulls,Phoenix Suns,81,101,5717,Tuesday
Oklahoma City Thunder,Atlanta Hawks,78,61,6988,Friday
Washington Wizards,Charlotte Hornets,63,98,7987,Friday
Miami Heat,Portland Trail Blazers,94,116,8492,Monday
Houston Rockets,Miami Heat,102,69,9553,Monday
Detroit Pistons,Charlotte Hornets,113,112,12660,Sunday
Los Angeles Clippers,Dallas Mavericks,60,59,12117,Saturday
Sacramento Kings,Utah Jazz,62,61,16457,Sunday
Houston Rockets,Indiana Pacers,114,73,6026,Tuesday
Sacramento Kings,Dallas Mavericks,107,120,6853,Friday
Atlanta Hawks,Utah Jazz,66,66,14546,Sunday
Miami Heat,San Antonio Spurs,120,104,9451,Monday
Houston Rockets,New Orleans Pelicans,90,98,5398,Monday
Los Angeles Lakers,Atlanta Hawks,111,92,8361,Friday
Orlando Magic,Milwaukee Bucks,83,81,13931,Saturday
Phoenix Suns,Denver Nuggets,82,76,6113,Tuesday
Boston Celtics,Dallas Mavericks,78,74,5926,Friday
Brooklyn Nets,Sacramento Kings,86,78,8081,Monday
Miami Heat,Memphis Grizzlies,68,103,5925,Friday
Oklahoma City Thunder,Denver Nuggets,91,91,11427,Sunday
Memphis Grizzlies,Washington Wizards,81,84,5263,Wednesday
Atlanta Hawks,Sacramento Kings,79,96,6578,Wednesday
Denver Nuggets,Miami Heat,72,90,5982,Tuesday
Detroit Pistons,Los Angeles Lakers,92,81,6898,Tuesday
Washington Wizards,Toronto Raptors,105,107,10691,Saturday
Denver Nuggets,San Antonio Spurs,90,116,6211,Friday
Orlando Magic,Los Angeles Clippers,93,93,15410,Sunday
San Antonio Spurs,Miami Heat,95,109,6510,Friday
Oklahoma City Thunder,San Antonio Spurs,91,97,8414,Monday
Toronto Raptors,Atlanta Hawks,81,79,8351,Tuesday
Indiana Pacers,New York Knicks,76,75,17509,Saturday
Utah Jazz,Atlanta Hawks,86,61,7204,Friday
Minnesota Timberwolves,Brooklyn Nets,73,105,7435,Wednesday
San Antonio Spurs,New Orleans Pelicans,62,114,8668,Monday
Miami Heat,Detroit Pistons,67,120,9460,Wednesday
Philadelphia 76ers,Orlando Magic,73,77,9298,Friday
Indiana Pacers,Los Angeles Lakers,106,98,8727,Wednesday
Chicago Bulls,Sacramento Kings,63,63,18837,Saturday
Toronto Raptors,Boston Celtics,119,114,9075,Wednesday
New Orleans Pelicans,Cleveland Cavaliers,114,62,7142,Tuesday
Toronto Raptors,Chicago Bulls,111,111,17835,Sunday
Golden State Warriors,Boston Celtics,106,81,9520,Friday
Portland Trail Blazers,Dallas Mavericks,82,97,9294,Monday
Minnesota Timberwolves,Minnesota Timberwolves,80,107,9696,Tuesday
San Antonio Spurs,Chicago Bulls,96,94,20216,Sunday
Utah Jazz,Detroit Pistons,66,62,8647,Tuesday
Indiana Pacers,Denver Nuggets,83,103,9626,Friday
Indiana Pacers,Charlotte Hornets,104,102,12204,Saturday
Brooklyn Nets,Miami Heat,109,107,10607,Sunday
Phoenix Suns,Miami Heat,90,91,6650,Monday
Utah Jazz,Boston Celtics,90,81,9197,Tuesday
Portland Trail Blazers,Washington Wizards,61,94,8009,Wednesday
Phoenix Suns,Utah Jazz,95,67,6538,Thursday
Orlando Magic,Oklahoma City Thunder,78,77,21211,Saturday
Denver Nuggets,Dallas Mavericks,120,65,6399,Friday
Philadelphia 76ers,Dallas Mavericks,113,113,19604,Saturday
Brooklyn Nets,Portland Trail Blazers,108,108,11689,Sunday
Minnesota Timberwolves,Milwaukee Bucks,73,87,9766,Tuesday
Chicago Bulls,San Antonio Spurs,111,76,7760,Tuesday
Washington Wizards,Cleveland Cavaliers,96,96,14397,Saturday
Dallas Mavericks,New Orleans Pelicans,88,73,6418,Wednesday
Toronto Raptors,Memphis Grizzlies,115,118,7379,Friday
Philadelphia 76ers,Oklahoma City Thunder,102,69,5089,Monday
Memphis Grizzlies,San Antonio Spurs,80,85,9182,Wednesday
Dallas Mavericks,Miami Heat,89,117,7787,Thursday
Miami Heat,Toronto Raptors,72,113,6422,Monday
Portland Trail Blazers,Indiana Pacers,120,118,6856,Wednesday
Los Angeles Lakers,New York Knicks,60,117,9111,Thursday
Boston Celtics,Minnesota Timberwolves,80,80,19360,Sunday
Detroit Pistons,Sacramento Kings,115,111,9810,Monday
Los Angeles Lakers,Memphis Grizzlies,93,83,7689,Thursday
Dallas Mavericks,Atlanta Hawks,100,103,14954,Saturday
Orlando Magic,Orlando Magic,73,75,9169,Wednesday
Denver Nuggets,Milwaukee Bucks,97,82,6950,Wednesday
Memphis Grizzlies,Orlando Magic,106,105,19690,Saturday
Philadelphia 76ers,Los Angeles Lakers,99,99,17656,Sunday
Detroit Pistons,Portland Trail Blazers,78,90,9772,Tuesday
Toronto Raptors,Utah Jazz,68,96,9092,Monday
New York Knicks,Orlando Magic,88,86,20855,Sunday
Los Angeles Clippers,Washington Wizards,108,102,5864,Tuesday
New Orleans Pelicans,Minnesota Timberwolves,85,84,16801,Sunday
Portland Trail Blazers,Cleveland Cavaliers,78,119,7996,Tuesday
Portland Trail Blazers,Los Angeles Clippers,104,73,9569,Wednesday
Los Angeles Lakers,Golden State Warriors,117,117,20644,Saturday
Philadelphia 76ers,Minnesota Timberwolves,112,90,6628,Friday
Minnesota Timberwolves,Toronto Raptors,72,81,8362,Monday
Chicago Bulls,Brooklyn Nets,103,100,8139,Thursday
Los Angeles Lakers,Utah Jazz,112,96,5508,Wednesday
Atlanta Hawks,San Antonio Spurs,60,60,16161,Sunday
New Orleans Pelicans,Utah Jazz,93,120,8053,Friday
Milwaukee Bucks,Portland Trail Blazers,108,109,10809,Saturday
Washington Wizards,New York Knicks,81,119,7558,Monday
New Orleans Pelicans,New York Knicks,89,88,13371,Saturday
Toronto Raptors,Denver Nuggets,87,87,6153,Friday
San Antonio Spurs,Cleveland Cavaliers,90,115,5727,Tuesday
Minnesota Timberwolves,Charlotte Hornets,73,118,5004,Tuesday
New Orleans Pelicans,Cleveland Cavaliers,72,73,11808,Saturday
Charlotte Hornets,Portland Trail Blazers,116,120,7184,Monday
Minnesota Timberwolves,Cleveland Cavaliers,110,109,20183,Saturday
New York Knicks,San Antonio Spurs,119,97,8019,Friday
Sacramento Kings,Detroit Pistons,85,75,8502,Thursday
Oklahoma City Thunder,Detroit Pistons,99,92,5496,Monday
Charlotte Hornets,Philadelphia 76ers,65,92,6420,Thursday
Milwaukee Bucks,Portland Trail Blazers,115,115,12062,Sunday
Minnesota Timberwolves,Phoenix Suns,65,71,7243,Tuesday
Houston Rockets,New Orleans Pelicans,117,63,6825,Monday
Washington Wizards,Minnesota Timberwolves,98,96,19735,Saturday
Los Angeles Clippers,Chicago Bulls,65,91,6031,Friday
Brooklyn Nets,New York Knicks,115,93,8259,Wednesday
Minnesota Timberwolves,Utah Jazz,80,79,9358,Wednesday
Brooklyn Nets,Atlanta Hawks,116,74,9894,Monday
Miami Heat,Utah Jazz,108,91,8375,Friday
Brooklyn Nets,Orlando Magic,115,93,8633,Monday
Chicago Bulls,Orlando Magic,112,112,14768,Sunday
Houston Rockets,Oklahoma City Thunder,100,105,8573,Tuesday
Brooklyn Nets,Denver Nuggets,60,112,8937,Thursday
Washington Wizards,Los Angeles Clippers,102,104,17732,Saturday
Chicago Bulls,Sacramento Kings,99,96,6454,Wednesday
Sacramento Kings,Houston Rockets,90,87,7373,Monday
New York Knicks,Miami Heat,110,84,9487,Thursday
Houston Rockets,Atlanta Hawks,95,95,18012,Sunday
Miami Heat,Los Angeles Lakers,107,95,5899,Thursday
Brooklyn Nets,Phoenix Suns,100,78,6140,Thursday
Dallas Mavericks,Portland Trail Blazers,117,117,16025,Saturday
San Antonio Spurs,Detroit Pistons,72,77,5599,Wednesday
Los Angeles Lakers,Washington Wizards,76,78,5235,Tuesday
Houston Rockets,Cleveland Cavaliers,61,62,18330,Saturday
Memphis Grizzlies,Cleveland Cavaliers,95,111,9749,Monday
Dallas Mavericks,San Antonio Spurs,108,117,7350,Thursday
Boston Celtics,Minnesota Timberwolves,113,112,14370,Sunday
Milwaukee Bucks,Denver Nuggets,113,110,12060,Sunday
Minnesota Timberwolves,Portland Trail Blazers,100,61,9803,Thursday
San Antonio Spurs,New York Knicks,78,120,6009,Tuesday
Golden State Warriors,Washington Wizards,99,98,15201,Saturday
Denver Nuggets,Atlanta Hawks,102,74,6862,Wednesday
Phoenix Suns,New Orleans Pelicans,93,91,16760,Sunday
Golden State Warriors,Chicago Bulls,102,76,8328,Thursday
New Orleans Pelicans,Atlanta Hawks,104,97,8733,Friday
Memphis Grizzlies,Orlando Magic,82,82,13049,Saturday
New Orleans Pelicans,Cleveland Cavaliers,109,89,8992,Thursday
Golden State Warriors,Minnesota Timberwolves,97,96,12633,Saturday
Brooklyn Nets,Oklahoma City Thunder,65,64,16824,Sunday
Golden State Warriors,Denver Nuggets,112,116,9937,Thursday
Memphis Grizzlies,Los Angeles Lakers,119,120,13339,Saturday
Milwaukee Bucks,Portland Trail Blazers,81,81,15435,Saturday
Washington Wizards,Phoenix Suns,103,76,9678,Wednesday
Golden State Warriors,Indiana Pacers,113,114,12762,Saturday
Brooklyn Nets,Memphis Grizzlies,74,113,7979,Friday
Golden State Warriors,Oklahoma City Thunder,82,83,17315,Saturday
Indiana Pacers,Toronto Raptors,92,94,19201,Saturday
Phoenix Suns,Los Angeles Lakers,107,107,20213,Saturday
New York Knicks,Portland Trail Blazers,91,62,5580,Friday
Charlotte Hornets,Charlotte Hornets,119,119,19175,Saturday
Denver Nuggets,Los Angeles Clippers,71,103,8867,Monday
Portland Trail Blazers,Los Angeles Clippers,86,84,19154,Sunday
Los Angeles Clippers,Denver Nuggets,64,79,5446,Thursday
Sacramento Kings,Atlanta Hawks,107,109,15423,Sunday
Los Angeles Clippers,Los Angeles Clippers,118,86,5506,Thursday
Detroit Pistons,Detroit Pistons,60,61,13808,Sunday
Miami Heat,Charlotte Hornets,92,109,6616,Friday
Sacramento Kings,Sacramento Kings,67,110,6996,Thursday
Los Angeles Clippers,Boston Celtics,89,91,17881,Saturday
Memphis Grizzlies,Miami Heat,60,91,5200,Friday
Atlanta Hawks,Sacramento Kings,118,80,8262,Thursday
Brooklyn Nets,Chicago Bulls,92,120,6144,Friday
New Orleans Pelicans,Los Angeles Clippers,89,77,7851,Monday
Dallas Mavericks,Portland Trail Blazers,95,88,9348,Thursday
Sacramento Kings,New Orleans Pelicans,65,67,15505,Sunday
Detroit Pistons,Atlanta Hawks,116,117,20345,Sunday
Atlanta Hawks,San Antonio Spurs,112,69,9014,Tuesday
Phoenix Suns,Phoenix Suns,68,69,17021,Sunday
Los Angeles Clippers,Milwaukee Bucks,65,98,8166,Friday
Oklahoma City Thunder,Cleveland Cavaliers,120,85,5662,Monday
Houston Rockets,Charlotte Hornets,64,65,11205,Sunday
Toronto Raptors,Washington Wizards,103,86,8449,Thursday
Sacramento Kings,Boston Celtics,71,82,8276,Tuesday
Golden State Warriors,Sacramento Kings,92,63,7493,Thursday
Chicago Bulls,Los Angeles Clippers,107,108,14720,Sunday
Detroit Pistons,Oklahoma City Thunder,84,64,6168,Wednesday
Memphis Grizzlies,Detroit Pistons,76,65,7471,Wednesday
Denver Nuggets,San Antonio Spurs,71,108,7691,Wednesday
Dallas Mavericks,Toronto Raptors,65,113,9004,Wednesday
Minnesota Timberwolves,Utah Jazz,62,82,8263,Monday
Atlanta Hawks,Detroit Pistons,115,115,18068,Saturday
Houston Rockets,Cleveland Cavaliers,93,113,7662,Monday
Miami Heat,Miami Heat,120,82,7469,Monday
Cleveland Cavaliers,Utah Jazz,113,110,15029,Saturday
Los Angeles Clippers,Brooklyn Nets,72,76,6879,Wednesday
Brooklyn Nets,Utah Jazz,92,113,9136,Friday
Utah Jazz,Portland Trail Blazers,79,71,8465,Wednesday
Washington Wizards,Minnesota Timberwolves,95,67,9109,Tuesday
Detroit Pistons,Philadelphia 76ers,115,119,8412,Wednesday
San Antonio Spurs,Orlando Magic,62,61,17258,Sunday
Houston Rockets,Golden State Warriors,66,118,8140,Monday
Oklahoma City Thunder,Milwaukee Bucks,83,82,13207,Sunday
San Antonio Spurs,Sacramento Kings,99,61,7287,Friday
San Antonio Spurs,Detroit Pistons,109,103,7679,Monday
Houston Rockets,Portland Trail Blazers,97,69,6976,Monday
Brooklyn Nets,Minnesota Timberwolves,69,118,7440,Tuesday
Toronto Raptors,Washington Wizards,64,62,8049,Wednesday
Washington Wizards,Charlotte Hornets,115,75,8028,Friday
Los Angeles Lakers,Orlando Magic,73,75,12129,Sunday
Boston Celtics,Toronto Raptors,109,75,9398,Thursday
Utah Jazz,Los Angeles Lakers,109,76,6162,Thursday
Golden State Warriors,Los Angeles Clippers,92,93,18226,Sunday
New Orleans Pelicans,Brooklyn Nets,104,68,6689,Thursday
Miami Heat,Denver Nuggets,83,83,14791,Saturday
San Antonio Spurs,Los Angeles Clippers,60,66,8834,Thursday
Milwaukee Bucks,Miami Heat,109,111,19109,Sunday
Memphis Grizzlies,Philadelphia 76ers,80,92,7085,Thursday
Philadelphia 76ers,Portland Trail Blazers,102,60,9935,Wednesday
Cleveland Cavaliers,Washington Wizards,63,108,7862,Thursday
Detroit Pistons,Philadelphia 76ers,100,73,9339,Wednesday
Brooklyn Nets,Los Angeles Clippers,113,100,5171,Monday
Milwaukee Bucks,Memphis Grizzlies,69,69,6601,Monday
Atlanta Hawks,Golden State Warriors,93,63,5335,Friday
New York Knicks,Orlando Magic,95,64,5497,Wednesday
New Orleans Pelicans,Sacramento Kings,101,82,5127,Thursday
Detroit Pistons,Golden State Warriors,98,98,18284,Saturday
Utah Jazz,Los Angeles Clippers,92,80,5995,Monday
Oklahoma City Thunder,Golden State Warriors,110,92,9523,Tuesday
New York Knicks,Indiana Pacers,109,112,13371,Sunday
Philadelphia 76ers,Milwaukee Bucks,95,61,9678,Monday
Miami Heat,Chicago Bulls,95,81,7774,Thursday
Sacramento Kings,Washington Wizards,103,67,5739,Friday
Detroit Pistons,New Orleans Pelicans,74,76,16417,Saturday
Miami Heat,Toronto Raptors,63,93,7938,Tuesday
Oklahoma City Thunder,Miami Heat,81,77,9683,Monday
New York Knicks,Chicago Bulls,116,114,6861,Monday
New Orleans Pelicans,Philadelphia 76ers,71,75,5849,Thursday
Miami Heat,Portland Trail Blazers,81,81,17290,Sunday
San Antonio Spurs,New Orleans Pelicans,78,66,8667,Friday
Golden State Warriors,Utah Jazz,80,80,12408,Sunday
Oklahoma City Thunder,Brooklyn Nets,78,104,9072,Tuesday
Toronto Raptors,Charlotte Hornets,92,69,9562,Wednesday
Atlanta Hawks,Miami Heat,109,94,9322,Tuesday
Phoenix Suns,Denver Nuggets,71,71,16514,Sunday
New Orleans Pelicans,Dallas Mavericks,91,63,8198,Monday
Charlotte Hornets,Portland Trail Blazers,109,70,8908,Wednesday
Toronto Raptors,Cleveland Cavaliers,97,86,7554,Monday
Los Angeles Clippers,Oklahoma City Thunder,86,67,6481,Wednesday
Denver Nuggets,Indiana Pacers,60,104,7374,Tuesday
Sacramento Kings,Denver Nuggets,97,68,9475,Wednesday
Los Angeles Lakers,Orlando Magic,67,77,6207,Friday
Toronto Raptors,Detroit Pistons,105,76,7322,Wednesday
Washington Wizards,Detroit Pistons,110,89,7975,Tuesday
Washington Wizards,Golden State Warriors,119,64,7272,Friday
Houston Rockets,San Antonio Spurs,83,67,7543,Monday
Toronto Raptors,Houston Rockets,100,100,19164,Sunday
Chicago Bulls,Dallas Mavericks,111,94,9894,Monday
Minnesota Timberwolves,Portland Trail Blazers,65,91,6875,Wednesday
Oklahoma City Thunder,Detroit Pistons,85,86,14070,Sunday
Dallas Mavericks,Phoenix Suns,109,109,15443,Sunday
Oklahoma City Thunder,Los Angeles Clippers,75,98,9659,Friday
Los Angeles Lakers,Sacramento Kings,80,114,8464,Friday
Boston Celtics,Denver Nuggets,88,86,6153,Friday
Minnesota Timberwolves,Los Angeles Clippers,65,70,5888,Tuesday
Toronto Raptors,Dallas Mavericks,110,108,8203,Monday
Detroit Pistons,Minnesota Timberwolves,112,98,6004,Thursday
Cleveland Cavaliers,Phoenix Suns,74,114,9745,Monday
Milwaukee Bucks,Denver Nuggets,110,120,5097,Tuesday
Houston Rockets,Milwaukee Bucks,100,119,5538,Monday
Minnesota Timberwolves,Dallas Mavericks,108,61,8998,Monday
Utah Jazz,Golden State Warriors,65,64,13168,Sunday
San Antonio Spurs,Los Angeles Lakers,78,63,8255,Monday
Los Angeles Clippers,Golden State Warriors,80,118,6315,Thursday
San Antonio Spurs,Orlando Magic,102,86,6790,Monday
Chicago Bulls,Los Angeles Clippers,82,94,7491,Monday
Toronto Raptors,Toronto Raptors,64,79,9282,Friday
Los Angeles Clippers,San Antonio Spurs,92,89,9374,Thursday
Los Angeles Clippers,Los Angeles Clippers,68,68,15329,Saturday
Sacramento Kings,Washington Wizards,107,88,5145,Monday
Utah Jazz,Houston Rockets,92,93,18198,Sunday
Portland Trail Blazers,Los Angeles Lakers,106,108,15397,Saturday
Indiana Pacers,Memphis Grizzlies,81,80,8793,Wednesday
Charlotte Hornets,Los Angeles Clippers,78,70,8119,Tuesday
Atlanta Hawks,Sacramento Kings,120,106,6248,Wednesday
Charlotte Hornets,Golden State Warriors,72,70,11194,Sunday
Houston Rockets,Dallas Mavericks,99,97,16597,Sunday
Boston Celtics,San Antonio Spurs,119,70,6287,Friday
Sacramento Kings,Atlanta Hawks,112,112,14517,Sunday
Detroit Pistons,Utah Jazz,87,65,9911,Friday
Cleveland Cavaliers,Memphis Grizzlies,98,102,7348,Tuesday
Atlanta Hawks,New Orleans Pelicans,62,82,9244,Tuesday
Brooklyn Nets,Memphis Grizzlies,85,92,9733,Wednesday
Cleveland Cavaliers,Orlando Magic,95,84,9274,Thursday
Denver Nuggets,San Antonio Spurs,68,66,20335,Saturday
Golden State Warriors,Atlanta Hawks,112,113,13873,Saturday
Toronto Raptors,New Orleans Pelicans,65,93,9404,Friday
Boston Celtics,San Antonio Spurs,81,74,8964,Tuesday
Indiana Pacers,Boston Celtics,106,105,12404,Sunday
Denver Nuggets,Cleveland Cavaliers,98,97,9576,Friday
Brooklyn Nets,Dallas Mavericks,88,88,12805,Saturday
Denver Nuggets,Golden State Warriors,113,72,6035,Monday
Oklahoma City Thunder,Washington Wizards,63,80,8609,Wednesday
Los Angeles Clippers,Washington Wizards,104,75,9770,Tuesday
Washington Wizards,Sacramento Kings,83,82,12345,Sunday
Indiana Pacers,Phoenix Suns,108,87,7795,Wednesday
Indiana Pacers,Sacramento Kings,98,95,6323,Wednesday
Chicago Bulls,New Orleans Pelicans,78,105,7519,Thursday
Portland Trail Blazers,Los Angeles Clippers,111,68,7944,Thursday
Houston Rockets,Detroit Pistons,103,102,14620,Saturday
Denver Nuggets,Atlanta Hawks,73,73,8146,Friday
Oklahoma City Thunder,Detroit Pistons,96,101,6004,Thursday
Dallas Mavericks,Chicago Bulls,92,96,5413,Monday
Sacramento Kings,Dallas Mavericks,99,68,5039,Monday
Houston Rockets,Dallas Mavericks,63,85,6194,Monday
New Orleans Pelicans,Brooklyn Nets,60,110,8463,Wednesday
San Antonio Spurs,Indiana Pacers,109,106,7575,Friday
Cleveland Cavaliers,Indiana Pacers,106,98,8131,Monday
Phoenix Suns,Memphis Grizzlies,79,79,11501,Saturday
Portland Trail Blazers,Brooklyn Nets,79,89,6837,Monday
New York Knicks,Oklahoma City Thunder,60,107,6547,Friday
Denver Nuggets,Boston Celtics,103,85,7622,Thursday
Washington Wizards,Washington Wizards,89,116,8827,Friday
New Orleans Pelicans,Cleveland Cavaliers,120,105,8895,Friday
Cleveland Cavaliers,Orlando Magic,60,114,6814,Wednesday
Charlotte Hornets,Charlotte Hornets,83,94,6204,Thursday
Indiana Pacers,Toronto Raptors,60,58,12244,Sunday
Washington Wizards,Cleveland Cavaliers,91,60,9955,Wednesday
Brooklyn Nets,Milwaukee Bucks,74,70,9929,Monday
Los Angeles Lakers,Miami Heat,62,95,7619,Friday
Denver Nuggets,New York Knicks,109,113,6793,Wednesday
Los Angeles Lakers,Utah Jazz,117,63,9166,Thursday
San Antonio Spurs,Milwaukee Bucks,102,93,7560,Wednesday
Los Angeles Clippers,Milwaukee Bucks,91,92,8754,Monday
Sacramento Kings,Los Angeles Clippers,113,80,6343,Wednesday
Denver Nuggets,New York Knicks,95,110,9049,Monday
Washington Wizards,Philadelphia 76ers,96,69,5555,Monday
Dallas Mavericks,Indiana Pacers,91,70,7421,Tuesday
Milwaukee Bucks,Portland Trail Blazers,94,92,6459,Thursday
Phoenix Suns,Miami Heat,98,118,5528,Friday
Golden State Warriors,Los Angeles Lakers,91,90,12450,Sunday
Los Angeles Clippers,Indiana Pacers,84,115,8231,Tuesday
Los Angeles Clippers,Phoenix Suns,110,113,5022,Friday
San Antonio Spurs,Detroit Pistons,105,101,9071,Tuesday
Washington Wizards,Milwaukee Bucks,115,97,5468,Monday
Chicago Bulls,Denver Nuggets,73,93,7864,Wednesday
Washington Wizards,Washington Wizards,79,85,8300,Tuesday
Denver Nuggets,Brooklyn Nets,118,119,12832,Saturday
Los Angeles Clippers,Utah Jazz,89,89,11697,Saturday
New Orleans Pelicans,Milwaukee Bucks,100,100,13997,Sunday
Boston Celtics,Denver Nuggets,79,106,6929,Monday
Indiana Pacers,Los Angeles Lakers,73,65,5581,Friday
Houston Rockets,Phoenix Suns,63,68,8616,Thursday
Denver Nuggets,Orlando Magic,92,118,7743,Thursday
Brooklyn Nets,Detroit Pistons,116,113,5497,Thursday
Cleveland Cavaliers,Charlotte Hornets,66,66,6790,Wednesday
Dallas Mavericks,Dallas Mavericks,81,80,12420,Saturday
Milwaukee Bucks,Portland Trail Blazers,94,96,5925,Tuesday
Oklahoma City Thunder,Houston Rockets,64,66,18316,Saturday
Memphis Grizzlies,Atlanta Hawks,119,108,5659,Wednesday
Golden State Warriors,Phoenix Suns,108,91,5477,Wednesday
Sacramento Kings,Charlotte Hornets,77,72,6875,Tuesday
Miami Heat,New Orleans Pelicans,95,89,8454,Monday
Houston Rockets,Utah Jazz,75,62,5210,Thursday
Los Angeles Clippers,Los Angeles Lakers,84,116,7122,Thursday
Phoenix Suns,Milwaukee Bucks,70,109,7776,Friday
Oklahoma City Thunder,Chicago Bulls,86,64,5458,Friday
Chicago Bulls,Dallas Mavericks,95,92,12744,Sunday
New Orleans Pelicans,Phoenix Suns,86,77,6628,Thursday
Portland Trail Blazers,Detroit Pistons,81,110,8639,Tuesday
Atlanta Hawks,Indiana Pacers,63,63,12362,Sunday
Dallas Mavericks,Phoenix Suns,104,104,11471,Sunday
San Antonio Spurs,Sacramento Kings,104,68,8035,Monday
San Antonio Spurs,Brooklyn Nets,93,93,13775,Saturday
San Antonio Spurs,Washington Wizards,70,116,9898,Tuesday
Portland Trail Blazers,Indiana Pacers,66,69,7432,Wednesday
Memphis Grizzlies,San Antonio Spurs,97,109,8223,Friday
Washington Wizards,Houston Rockets,115,86,6646,Friday
Memphis Grizzlies,Detroit Pistons,87,104,7821,Wednesday
Phoenix Suns,Minnesota Timberwolves,82,83,13334,Saturday
Oklahoma City Thunder,Miami Heat,101,61,8682,Wednesday
Orlando Magic,Atlanta Hawks,91,92,20964,Saturday
Oklahoma City Thunder,Milwaukee Bucks,60,95,5226,Wednesday
Washington Wizards,Portland Trail Blazers,69,84,6826,Friday
Washington Wizards,Los Angeles Clippers,68,63,6074,Tuesday
Toronto Raptors,Los Angeles Clippers,71,108,8967,Tuesday
New Orleans Pelicans,Los Angeles Clippers,69,70,8750,Tuesday
Cleveland Cavaliers,Atlanta Hawks,98,110,8207,Thursday
Utah Jazz,Atlanta Hawks,71,72,17810,Sunday
Los Angeles Clippers,Phoenix Suns,61,71,5129,Tuesday
Golden State Warriors,Indiana Pacers,87,88,14831,Sunday
Orlando Magic,Houston Rockets,86,62,5151,Monday
Houston Rockets,Minnesota Timberwolves,87,63,8781,Monday
Indiana Pacers,Utah Jazz,94,71,7091,Monday
Philadelphia 76ers,Orlando Magic,120,78,9660,Thursday
Dallas Mavericks,Charlotte Hornets,67,95,8686,Monday
Philadelphia 76ers,Charlotte Hornets,72,61,8040,Thursday
Phoenix Suns,Utah Jazz,108,107,17182,Saturday
Cleveland Cavaliers,Toronto Raptors,88,88,18460,Sunday
Brooklyn Nets,Golden State Warriors,85,84,6616,Thursday
Detroit Pistons,Minnesota Timberwolves,113,92,9123,Wednesday
Memphis Grizzlies,New York Knicks,69,69,14988,Sunday
Portland Trail Blazers,New Orleans Pelicans,74,116,9246,Wednesday
New York Knicks,Miami Heat,115,116,11027,Sunday
Indiana Pacers,Memphis Grizzlies,102,87,8238,Wednesday
Washington Wizards,San Antonio Spurs,79,79,17154,Saturday
Memphis Grizzlies,New York Knicks,64,113,6071,Thursday
San Antonio Spurs,Miami Heat,118,96,6675,Wednesday
Boston Celtics,Philadelphia 76ers,61,71,6636,Monday
Toronto Raptors,Indiana Pacers,96,101,6643,Wednesday
Dallas Mavericks,Portland Trail Blazers,117,88,5074,Friday
Chicago Bulls,Minnesota Timberwolves,110,109,12222,Sunday
Toronto Raptors,Cleveland Cavaliers,79,69,5487,Monday
Boston Celtics,Boston Celtics,86,110,8510,Wednesday
Milwaukee Bucks,Oklahoma City Thunder,109,105,8791,Monday
Minnesota Timberwolves,Los Angeles Lakers,81,79,8336,Monday
Washington Wizards,Philadelphia 76ers,62,112,8102,Monday
Atlanta Hawks,Sacramento Kings,105,86,9438,Thursday
Philadelphia 76ers,New Orleans Pelicans,96,96,13052,Saturday
Atlanta Hawks,Milwaukee Bucks,83,112,9133,Tuesday
Denver Nuggets,Minnesota Timberwolves,89,89,6671,Wednesday
Los Angeles Clippers,Detroit Pistons,78,98,8285,Friday
Brooklyn Nets,San Antonio Spurs,94,108,6803,Wednesday
Minnesota Timberwolves,Cleveland Cavaliers,83,117,9886,Monday
Houston Rockets,Denver Nuggets,83,94,6386,Tuesday
Miami Heat,Portland Trail Blazers,111,106,8930,Tuesday
Orlando Magic,Memphis Grizzlies,117,69,5959,Monday
Portland Trail Blazers,Detroit Pistons,90,92,15309,Sunday
Phoenix Suns,Phoenix Suns,105,107,16415,Sunday
New York Knicks,San Antonio Spurs,113,111,20473,Sunday
Sacramento Kings,Detroit Pistons,104,80,6106,Monday
Indiana Pacers,Philadelphia 76ers,120,85,5255,Wednesday
Toronto Raptors,New York Knicks,92,92,12433,Sunday
Utah Jazz,Memphis Grizzlies,84,83,15434,Sunday
Chicago Bulls,Chicago Bulls,74,73,11572,Sunday
New York Knicks,Toronto Raptors,88,106,5188,Wednesday
Chicago Bulls,Los Angeles Lakers,87,88,15339,Sunday
San Antonio Spurs,Memphis Grizzlies,84,61,9295,Monday
Milwaukee Bucks,Brooklyn Nets,90,69,8344,Thursday
Atlanta Hawks,Detroit Pistons,94,94,20573,Saturday
Cleveland Cavaliers,Chicago Bulls,74,71,9053,Wednesday
Toronto Raptors,Cleveland Cavaliers,118,117,20778,Sunday
Oklahoma City Thunder,San Antonio Spurs,114,78,8247,Thursday
Los Angeles Clippers,Los Angeles Lakers,84,82,10761,Sunday
New Orleans Pelicans,New York Knicks,63,120,6623,Monday
Oklahoma City Thunder,Orlando Magic,63,75,7328,Tuesday
Los Angeles Lakers,Milwaukee Bucks,72,115,9128,Monday
Cleveland Cavaliers,Atlanta Hawks,110,110,17282,Sunday
Washington Wizards,Minnesota Timberwolves,79,115,6202,Thursday
New York Knicks,Cleveland Cavaliers,116,96,5957,Friday
Phoenix Suns,Cleveland Cavaliers,94,108,7608,Wednesday
Cleveland Cavaliers,Utah Jazz,116,93,9139,Wednesday
Utah Jazz,Denver Nuggets,102,103,8042,Wednesday
Los Angeles Lakers,Miami Heat,72,72,21231,Sunday
Dallas Mavericks,Detroit Pistons,120,121,12018,Sunday
Los Angeles Clippers,Charlotte Hornets,79,104,7761,Friday
Memphis Grizzlies,Dallas Mavericks,111,97,6498,Thursday
Orlando Magic,Atlanta Hawks,108,96,9762,Monday
Portland Trail Blazers,Brooklyn Nets,120,73,7937,Monday
Chicago Bulls,Oklahoma City Thunder,60,103,9938,Friday
Minnesota Timberwolves,Charlotte Hornets,70,119,9281,Friday
Memphis Grizzlies,Los Angeles Clippers,105,89,9625,Friday
Sacramento Kings,New Orleans Pelicans,107,115,5364,Monday
Oklahoma City Thunder,Portland Trail Blazers,85,86,15667,Sunday
Los Angeles Lakers,Philadelphia 76ers,75,82,6899,Friday
Boston Celtics,Brooklyn Nets,79,91,8364,Tuesday
Golden State Warriors,San Antonio Spurs,71,71,13396,Sunday
Miami Heat,Washington Wizards,85,83,16452,Saturday
Portland Trail Blazers,Sacramento Kings,90,110,5036,Thursday
Golden State Warriors,Portland Trail Blazers,80,100,7811,Wednesday
Orlando Magic,Denver Nuggets,106,60,7196,Friday
Utah Jazz,Washington Wizards,96,86,9051,Monday
Golden State Warriors,Orlando Magic,64,101,6440,Tuesday
New Orleans Pelicans,Atlanta Hawks,62,81,6646,Tuesday
Detroit Pistons,Denver Nuggets,84,60,7423,Friday
Portland Trail Blazers,Oklahoma City Thunder,90,89,15155,Saturday
Golden State Warriors,Oklahoma City Thunder,71,92,6298,Wednesday
Indiana Pacers,Minnesota Timberwolves,89,119,9901,Wednesday
Washington Wizards,Cleveland Cavaliers,101,84,8643,Friday
Washington Wizards,Milwaukee Bucks,94,68,9992,Monday
Cleveland Cavaliers,Atlanta Hawks,95,104,6097,Monday
Los Angeles Lakers,Milwaukee Bucks,78,103,6949,Wednesday
Indiana Pacers,Indiana Pacers,104,99,6648,Tuesday
Houston Rockets,Los Angeles Lakers,91,112,8023,Friday
Portland Trail Blazers,Toronto Raptors,69,92,5581,Monday
Brooklyn Nets,Atlanta Hawks,94,94,14441,Sunday
Houston Rockets,Sacramento Kings,110,113,8158,Wednesday
Cleveland Cavaliers,New Orleans Pelicans,80,60,8341,Monday
Detroit Pistons,Utah Jazz,88,118,5584,Wednesday
Washington Wizards,Cleveland Cavaliers,112,73,8813,Wednesday
New York Knicks,San Antonio Spurs,110,97,9614,Thursday
Los Angeles Clippers,Minnesota Timberwolves,76,75,18021,Saturday
Brooklyn Nets,Orlando Magic,91,80,6348,Monday
Washington Wizards,Utah Jazz,109,94,6588,Tuesday
Atlanta Hawks,Atlanta Hawks,109,63,9172,Tuesday
Dallas Mavericks,New Orleans Pelicans,105,105,13170,Sunday
Memphis Grizzlies,Oklahoma City Thunder,101,106,6296,Thursday
Milwaukee Bucks,Atlanta Hawks,84,116,7872,Friday
Houston Rockets,Denver Nuggets,114,92,8728,Thursday
San Antonio Spurs,Utah Jazz,93,93,5805,Tuesday
Orlando Magic,Toronto Raptors,94,93,19339,Saturday
Phoenix Suns,Cleveland Cavaliers,63,77,8551,Wednesday
Los Angeles Clippers,Washington Wizards,61,114,6709,Wednesday
Houston Rockets,Oklahoma City Thunder,91,91,12473,Sunday
Detroit Pistons,Toronto Raptors,79,79,12152,Saturday
Sacramento Kings,Chicago Bulls,99,99,18398,Saturday
Boston Celtics,Los Angeles Lakers,64,79,7346,Thursday
New Orleans Pelicans,Miami Heat,118,66,9534,Wednesday
Orlando Magic,Atlanta Hawks,69,69,13977,Saturday
Cleveland Cavaliers,Minnesota Timberwolves,93,117,6702,Thursday
Minnesota Timberwolves,Cleveland Cavaliers,100,107,8252,Wednesday
Los Angeles Clippers,Sacramento Kings,81,92,5330,Friday
Portland Trail Blazers,Houston Rockets,111,79,8399,Friday
New Orleans Pelicans,Boston Celtics,84,63,9177,Thursday
Philadelphia 76ers,Washington Wizards,103,104,13998,Sunday
New York Knicks,San Antonio Spurs,82,69,6192,Wednesday
Washington Wizards,Chicago Bulls,91,106,9331,Wednesday
Chicago Bulls,New Orleans Pelicans,97,117,5495,Monday
Utah Jazz,Philadelphia 76ers,93,79,7088,Tuesday
Miami Heat,Philadelphia 76ers,118,87,6841,Friday
Boston Celtics,Detroit Pistons,105,105,16110,Sunday
Utah Jazz,Los Angeles Lakers,99,80,6066,Monday
Golden State Warriors,Sacramento Kings,76,95,5588,Tuesday
Portland Trail Blazers,New Orleans Pelicans,71,115,5389,Wednesday
Brooklyn Nets,New York Knicks,83,83,9889,Wednesday
Miami Heat,Cleveland Cavaliers,117,117,20994,Saturday
Los Angeles Lakers,Indiana Pacers,77,77,20581,Saturday
Philadelphia 76ers,Minnesota Timberwolves,114,116,17506,Saturday
Phoenix Suns,Utah Jazz,108,116,6663,Wednesday
Charlotte Hornets,Detroit Pistons,98,113,8520,Monday
Los Angeles Clippers,Charlotte Hornets,106,110,8578,Wednesday
Portland Trail Blazers,Detroit Pistons,70,72,9226,Wednesday
San Antonio Spurs,Dallas Mavericks,116,80,7634,Thursday
Indiana Pacers,New Orleans Pelicans,75,72,6167,Monday
Atlanta Hawks,Memphis Grizzlies,83,83,11938,Saturday
Denver Nuggets,Houston Rockets,62,74,9661,Tuesday
Washington Wizards,Washington Wizards,104,82,7639,Tuesday
New Orleans Pelicans,Los Angeles Lakers,111,86,8386,Monday
Utah Jazz,New York Knicks,78,85,8939,Friday
Utah Jazz,Milwaukee Bucks,120,120,15953,Sunday
Sacramento Kings,Dallas Mavericks,90,95,7641,Friday
Denver Nuggets,Portland Trail Blazers,91,87,9126,Tuesday
Golden State Warriors,Minnesota Timberwolves,103,116,8749,Thursday
New Orleans Pelicans,Sacramento Kings,67,67,12840,Sunday
Sacramento Kings,Washington Wizards,98,87,8010,Tuesday
Sacramento Kings,New York Knicks,103,104,19918,Sunday
Denver Nuggets,Memphis Grizzlies,95,111,9099,Wednesday
Utah Jazz,Utah Jazz,105,104,16005,Sunday
Washington Wizards,Miami Heat,101,93,7216,Friday
Boston Celtics,Philadelphia 76ers,62,96,9172,Thursday
Golden State Warriors,Portland Trail Blazers,85,102,6783,Thursday
Washington Wizards,Washington Wizards,94,96,15208,Saturday
Brooklyn Nets,San Antonio Spurs,75,96,8650,Thursday
Toronto Raptors,Boston Celtics,120,68,9916,Tuesday
Los Angeles Clippers,Los Angeles Clippers,98,73,6925,Monday
Oklahoma City Thunder,Los Angeles Clippers,61,81,8141,Thursday
New York Knicks,Denver Nuggets,63,82,7585,Friday
Brooklyn Nets,New York Knicks,97,111,5110,Friday
Utah Jazz,Phoenix Suns,100,119,6082,Monday
Utah Jazz,Philadelphia 76ers,72,114,5392,Wednesday
New Orleans Pelicans,Phoenix Suns,77,80,20359,Saturday
Milwaukee Bucks,Charlotte Hornets,112,115,5057,Friday
Brooklyn Nets,Denver Nuggets,81,67,8991,Friday
Brooklyn Nets,Orlando Magic,118,118,14498,Sunday
Golden State Warriors,Philadelphia 76ers,65,65,12266,Sunday
New Orleans Pelicans,Orlando Magic,96,120,8377,Wednesday
Chicago Bulls,Miami Heat,100,85,5854,Friday
Sacramento Kings,Memphis Grizzlies,93,108,7020,Thursday
Chicago Bulls,Milwaukee Bucks,80,79,14903,Sunday
Portland Trail Blazers,Miami Heat,86,109,6141,Thursday
Oklahoma City Thunder,Portland Trail Blazers,110,111,9574,Tuesday
Cleveland Cavaliers,Oklahoma City Thunder,76,102,5466,Tuesday
Milwaukee Bucks,Cleveland Cavaliers,72,73,15567,Saturday
San Antonio Spurs,Minnesota Timberwolves,80,75,7611,Thursday
San Antonio Spurs,Philadelphia 76ers,63,81,5915,Friday
Charlotte Hornets,Chicago Bulls,101,98,9386,Wednesday
Atlanta Hawks,San Antonio Spurs,84,117,7290,Thursday
Miami Heat,Minnesota Timberwolves,107,61,7613,Wednesday
Dallas Mavericks,Charlotte Hornets,88,87,15480,Saturday
New York Knicks,Utah Jazz,65,80,8629,Friday
Milwaukee Bucks,Phoenix Suns,94,100,5548,Friday
Los Angeles Clippers,Sacramento Kings,76,83,7792,Wednesday
Utah Jazz,Indiana Pacers,72,64,7423,Friday
Cleveland Cavaliers,Houston Rockets,90,120,6827,Monday
Atlanta Hawks,Memphis Grizzlies,74,112,8719,Friday
Utah Jazz,San Antonio Spurs,76,102,8567,Tuesday
Minnesota Timberwolves,Charlotte Hornets,97,94,5806,Friday
Los Angeles Lakers,Chicago Bulls,108,86,5688,Wednesday
Memphis Grizzlies,San Antonio Spurs,77,107,5429,Friday
Utah Jazz,Indiana Pacers,82,104,5511,Thursday
Portland Trail Blazers,Denver Nuggets,75,63,9212,Thursday
New York Knicks,Minnesota Timberwolves,95,95,12667,Saturday
San Antonio Spurs,Chicago Bulls,68,86,7126,Tuesday
Indiana Pacers,Philadelphia 76ers,67,67,13105,Sunday
New Orleans Pelicans,Atlanta Hawks,89,112,8630,Monday
Charlotte Hornets,Indiana Pacers,110,60,6112,Wednesday
Boston Celtics,Milwaukee Bucks,89,119,5942,Friday
Dallas Mavericks,Indiana Pacers,87,117,5648,Friday
Oklahoma City Thunder,Boston Celtics,74,74,13237,Saturday
Utah Jazz,Milwaukee Bucks,90,120,6680,Thursday
San Antonio Spurs,Philadelphia 76ers,84,111,5934,Wednesday
Atlanta Hawks,Milwaukee Bucks,80,90,8215,Friday
Houston Rockets,Orlando Magic,116,116,7090,Thursday
Oklahoma City Thunder,Atlanta Hawks,103,101,9438,Tuesday
Toronto Raptors,Chicago Bulls,105,101,6522,Tuesday
San Antonio Spurs,Brooklyn Nets,94,104,8504,Friday
Phoenix Suns,New Orleans Pelicans,72,81,9381,Thursday
Portland Trail Blazers,Memphis Grizzlies,70,70,12356,Sunday
Detroit Pistons,Detroit Pistons,101,110,7957,Friday
Detroit Pistons,New York Knicks,87,93,6958,Wednesday
Denver Nuggets,San Antonio Spurs,120,66,6413,Monday
Orlando Magic,Atlanta Hawks,60,109,7734,Tuesday
Utah Jazz,Brooklyn Nets,71,73,13154,Sunday
Memphis Grizzlies,Utah Jazz,81,74,5186,Thursday
Memphis Grizzlies,Los Angeles Clippers,99,98,13924,Saturday
Brooklyn Nets,Brooklyn Nets,72,72,14093,Sunday
Philadelphia 76ers,Memphis Grizzlies,105,107,10823,Saturday
Los Angeles Clippers,Boston Celtics,94,94,17749,Saturday
San Antonio Spurs,Orlando Magic,109,88,8919,Wednesday
Indiana Pacers,Atlanta Hawks,83,112,6023,Wednesday
Indiana Pacers,San Antonio Spurs,82,61,6674,Monday
Los Angeles Clippers,Indiana Pacers,102,98,7783,Thursday
Los Angeles Clippers,Brooklyn Nets,101,86,9672,Monday
New Orleans Pelicans,Golden State Warriors,120,114,9184,Friday
Los Angeles Clippers,Brooklyn Nets,71,70,16016,Saturday
Cleveland Cavaliers,Portland Trail Blazers,61,61,11979,Sunday
Minnesota Timberwolves,Washington Wizards,106,106,15334,Sunday
Milwaukee Bucks,Oklahoma City Thunder,117,117,21178,Saturday
Philadelphia 76ers,Indiana Pacers,105,100,9222,Thursday
Atlanta Hawks,Toronto Raptors,117,118,13429,Saturday
Orlando Magic,Los Angeles Clippers,114,103,7870,Thursday
Boston Celtics,Minnesota Timberwolves,116,68,5666,Monday
Dallas Mavericks,Milwaukee Bucks,101,94,7200,Thursday
Milwaukee Bucks,Cleveland Cavaliers,69,84,6797,Friday
New Orleans Pelicans,Indiana Pacers,67,102,7561,Monday
Orlando Magic,Washington Wizards,107,101,9331,Tuesday
Indiana Pacers,Milwaukee Bucks,94,94,18058,Sunday
Washington Wizards,Atlanta Hawks,90,62,9685,Thursday
Philadelphia 76ers,Brooklyn Nets,73,84,5240,Wednesday
Brooklyn Nets,Utah Jazz,97,103,9908,Monday
Oklahoma City Thunder,San Antonio Spurs,85,110,6754,Monday
Sacramento Kings,Memphis Grizzlies,102,83,8493,Thursday
Sacramento Kings,Utah Jazz,116,63,8036,Wednesday
San Antonio Spurs,Golden State Warriors,99,87,7820,Thursday
Golden State Warriors,Orlando Magic,67,92,9987,Monday
Miami Heat,Cleveland Cavaliers,86,96,8863,Monday
Chicago Bulls,Portland Trail Blazers,79,87,7038,Tuesday
Cleveland Cavaliers,Cleveland Cavaliers,87,117,9873,Tuesday
New Orleans Pelicans,Utah Jazz,78,89,8587,Monday
Los Angeles Clippers,Brooklyn Nets,113,66,6802,Thursday
Miami Heat,Toronto Raptors,92,92,9605,Tuesday
Portland Trail Blazers,Sacramento Kings,60,60,12231,Saturday
Portland Trail Blazers,Minnesota Timberwolves,60,107,9516,Wednesday
Detroit Pistons,Milwaukee Bucks,117,110,9786,Wednesday
Los Angeles Lakers,Orlando Magic,117,74,7376,Tuesday
Charlotte Hornets,Cleveland Cavaliers,89,88,18501,Saturday
Detroit Pistons,Toronto Raptors,97,107,9025,Thursday
Sacramento Kings,Oklahoma City Thunder,118,116,18769,Sunday
Chicago Bulls,Indiana Pacers,90,89,11499,Saturday
Atlanta Hawks,Sacramento Kings,83,118,9097,Wednesday
Los Angeles Clippers,Los Angeles Lakers,96,112,5556,Wednesday
Denver Nuggets,Miami Heat,104,83,5326,Monday
Detroit Pistons,Denver Nuggets,108,108,14433,Sunday
Philadelphia 76ers,Utah Jazz,111,66,5342,Wednesday
Washington Wizards,Toronto Raptors,88,103,6065,Wednesday
Los Angeles Clippers,New York Knicks,92,60,8173,Wednesday
Orlando Magic,Los Angeles Clippers,82,79,6814,Friday
Phoenix Suns,Philadelphia 76ers,68,84,5388,Friday
Memphis Grizzlies,New York Knicks,111,68,7023,Wednesday
San Antonio Spurs,Los Angeles Clippers,62,86,9936,Monday
Chicago Bulls,Miami Heat,77,72,7410,Thursday
Oklahoma City Thunder,New Orleans Pelicans,93,93,20230,Saturday
Washington Wizards,Miami Heat,67,90,9852,Tuesday
Washington Wizards,New York Knicks,119,94,7626,Thursday
Miami Heat,Dallas Mavericks,99,91,9675,Wednesday
Minnesota Timberwolves,Houston Rockets,89,95,9382,Wednesday
Utah Jazz,Charlotte Hornets,92,75,7667,Monday
Oklahoma City Thunder,Charlotte Hornets,98,111,6571,Thursday
Dallas Mavericks,New Orleans Pelicans,114,116,20646,Saturday
San Antonio Spurs,Portland Trail Blazers,91,65,9948,Friday
Chicago Bulls,Miami Heat,61,93,5882,Friday
Golden State Warriors,Detroit Pistons,84,108,6963,Friday
Cleveland Cavaliers,New York Knicks,71,71,20134,Sunday
Minnesota Timberwolves,Oklahoma City Thunder,67,106,7693,Wednesday
Brooklyn Nets,Atlanta Hawks,84,97,8542,Thursday
Atlanta Hawks,Utah Jazz,111,72,5752,Tuesday
San Antonio Spurs,Miami Heat,108,79,7775,Thursday
Charlotte Hornets,Minnesota Timberwolves,112,101,9072,Monday
Denver Nuggets,New Orleans Pelicans,78,93,5122,Monday
Minnesota Timberwolves,Dallas Mavericks,100,107,7047,Monday
Cleveland Cavaliers,Chicago Bulls,88,71,6055,Friday
Toronto Raptors,Detroit Pistons,74,95,9370,Monday
Toronto Raptors,Denver Nuggets,69,77,9017,Thursday
Los Angeles Clippers,Memphis Grizzlies,118,63,7052,Wednesday
Dallas Mavericks,Toronto Raptors,66,93,9670,Friday
Miami Heat,Golden State Warriors,101,116,8514,Monday
Minnesota Timberwolves,Los Angeles Lakers,114,114,16636,Saturday
Utah Jazz,Milwaukee Bucks,106,87,9747,Monday
San Antonio Spurs,Orlando Magic,99,99,21394,Sunday
Denver Nuggets,Miami Heat,60,61,7985,Wednesday
New Orleans Pelicans,Atlanta Hawks,68,100,8683,Wednesday
Toronto Raptors,Chicago Bulls,111,68,7058,Friday
Dallas Mavericks,Phoenix Suns,84,67,7746,Tuesday
Sacramento Kings,Philadelphia 76ers,89,75,5036,Friday
Brooklyn Nets,Toronto Raptors,74,91,6015,Wednesday
Golden State Warriors,Golden State Warriors,64,73,7137,Wednesday
Los Angeles Clippers,New Orleans Pelicans,105,107,9895,Wednesday
Utah Jazz,Charlotte Hornets,111,115,9587,Wednesday
Cleveland Cavaliers,Charlotte Hornets,116,116,15377,Saturday
Milwaukee Bucks,Boston Celtics,85,90,6599,Thursday
New York Knicks,Oklahoma City Thunder,119,72,9928,Wednesday
Charlotte Hornets,Atlanta Hawks,77,60,8201,Thursday
Denver Nuggets,Washington Wizards,74,72,20548,Saturday
Toronto Raptors,Memphis Grizzlies,95,90,7129,Monday
Cleveland Cavaliers,Los Angeles Clippers,80,111,9418,Wednesday
Atlanta Hawks,Indiana Pacers,64,62,18008,Saturday
Cleveland Cavaliers,Los Angeles Lakers,118,116,19011,Sunday
Houston Rockets,Miami Heat,90,91,14909,Saturday
New York Knicks,San Antonio Spurs,115,82,6343,Wednesday
Phoenix Suns,Atlanta Hawks,100,119,5233,Tuesday
Oklahoma City Thunder,Memphis Grizzlies,99,97,15065,Saturday
Detroit Pistons,Boston Celtics,79,79,6483,Tuesday
New York Knicks,Cleveland Cavaliers,106,82,9908,Thursday
Washington Wizards,Boston Celtics,67,91,5794,Monday
Indiana Pacers,Los Angeles Clippers,105,105,17338,Sunday
Portland Trail Blazers,Utah Jazz,68,70,8092,Wednesday
Milwaukee Bucks,Golden State Warriors,64,85,7393,Monday
Memphis Grizzlies,Minnesota Timberwolves,95,103,5284,Thursday
Washington Wizards,Minnesota Timberwolves,108,86,7902,Thursday
San Antonio Spurs,Golden State Warriors,65,102,5827,Tuesday
New York Knicks,Cleveland Cavaliers,67,109,9113,Friday
Dallas Mavericks,Miami Heat,105,107,18466,Saturday
Sacramento Kings,Brooklyn Nets,77,61,6391,Monday
Washington Wizards,Toronto Raptors,79,109,9748,Wednesday
Atlanta Hawks,Toronto Raptors,81,78,9903,Friday
San Antonio Spurs,Orlando Magic,93,105,6848,Monday
Toronto Raptors,Cleveland Cavaliers,83,115,8504,Friday
Oklahoma City Thunder,Sacramento Kings,83,120,5138,Friday
Miami Heat,Charlotte Hornets,87,98,8985,Wednesday
Chicago Bulls,Phoenix Suns,96,113,8916,Wednesday
Cleveland Cavaliers,Sacramento Kings,63,65,12936,Saturday
Atlanta Hawks,Toronto Raptors,89,104,6838,Tuesday
San Antonio Spurs,Indiana Pacers,101,83,9580,Friday
Dallas Mavericks,Portland Trail Blazers,100,93,5811,Tuesday
Orlando Magic,Chicago Bulls,102,71,6668,Friday
Sacramento Kings,New York Knicks,96,97,15110,Sunday
Detroit Pistons,Los Angeles Lakers,61,79,5270,Wednesday
Indiana Pacers,Cleveland Cavaliers,115,103,9504,Tuesday
Phoenix Suns,Portland Trail Blazers,85,112,5307,Thursday
Portland Trail Blazers,Golden State Warriors,67,106,7052,Monday
New York Knicks,Chicago Bulls,65,108,6818,Thursday
Chicago Bulls,Denver Nuggets,97,97,5346,Friday
Golden State Warriors,Cleveland Cavaliers,101,72,8151,Wednesday
Sacramento Kings,Memphis Grizzlies,63,97,7380,Thursday
Washington Wizards,New York Knicks,85,84,19605,Sunday
Toronto Raptors,Boston Celtics,91,76,6977,Friday
Charlotte Hornets,Minnesota Timberwolves,78,78,17226,Saturday
Phoenix Suns,Orlando Magic,66,116,9144,Wednesday
Portland Trail Blazers,Houston Rockets,103,72,6588,Tuesday
Washington Wizards,Cleveland Cavaliers,67,65,13171,Sunday
New Orleans Pelicans,Philadelphia 76ers,64,64,20415,Sunday
Portland Trail Blazers,Golden State Warriors,79,79,12951,Sunday
Washington Wizards,Milwaukee Bucks,114,114,10385,Sunday
San Antonio Spurs,Miami Heat,74,81,5409,Wednesday
Philadelphia 76ers,Orlando Magic,106,115,8173,Wednesday
Chicago Bulls,Philadelphia 76ers,101,85,8211,Friday
Charlotte Hornets,Miami Heat,106,120,6946,Monday
Washington Wizards,Los Angeles Lakers,60,60,6276,Wednesday
Indiana Pacers,Oklahoma City Thunder,95,89,5739,Wednesday
Milwaukee Bucks,Minnesota Timberwolves,112,70,6793,Wednesday
Philadelphia 76ers,New Orleans Pelicans,81,91,6417,Wednesday
Oklahoma City Thunder,Cleveland Cavaliers,99,100,13750,Saturday
Toronto Raptors,Milwaukee Bucks,97,98,19519,Sunday
Cleveland Cavaliers,San Antonio Spurs,77,74,7589,Friday
Denver Nuggets,Memphis Grizzlies,71,98,9404,Friday
Miami Heat,Sacramento Kings,87,76,6443,Wednesday
Cleveland Cavaliers,Charlotte Hornets,60,86,6551,Thursday
Oklahoma City Thunder,Sacramento Kings,74,74,19007,Saturday
Boston Celtics,Indiana Pacers,101,100,18508,Sunday
Portland Trail Blazers,Toronto Raptors,61,59,15732,Saturday
Utah Jazz,Utah Jazz,104,82,9616,Thursday
Phoenix Suns,Brooklyn Nets,98,65,8892,Wednesday
New York Knicks,Memphis Grizzlies,85,103,8185,Friday
Cleveland Cavaliers,Philadelphia 76ers,117,85,9717,Friday
Indiana Pacers,Portland Trail Blazers,60,105,6777,Tuesday
Los Angeles Lakers,Utah Jazz,69,64,6176,Thursday
Atlanta Hawks,Portland Trail Blazers,84,84,19057,Saturday
Orlando Magic,Denver Nuggets,76,90,6195,Tuesday
Golden State Warriors,New Orleans Pelicans,61,107,6100,Wednesday
Chicago Bulls,Indiana Pacers,107,79,5500,Wednesday
Indiana Pacers,Oklahoma City Thunder,110,76,9123,Wednesday
Charlotte Hornets,Houston Rockets,87,108,7885,Tuesday
Dallas Mavericks,Indiana Pacers,107,105,17559,Saturday
Cleveland Cavaliers,Miami Heat,65,114,9119,Monday
Phoenix Suns,Golden State Warriors,69,111,9647,Tuesday
Portland Trail Blazers,Sacramento Kings,99,99,18226,Sunday
Indiana Pacers,Portland Trail Blazers,103,104,11667,Saturday
Portland Trail Blazers,Utah Jazz,108,108,8537,Friday
Dallas Mavericks,Phoenix Suns,67,68,13292,Sunday
Atlanta Hawks,New Orleans Pelicans,108,63,9848,Wednesday
Los Angeles Lakers,Los Angeles Clippers,87,116,5707,Tuesday
Golden State Warriors,Dallas Mavericks,76,77,18507,Sunday
Chicago Bulls,Oklahoma City Thunder,105,68,7049,Wednesday
Denver Nuggets,Cleveland Cavaliers,103,70,9479,Tuesday
Denver Nuggets,Phoenix Suns,76,83,9707,Thursday
Charlotte Hornets,Denver Nuggets,106,60,8121,Thursday
Washington Wizards,Toronto Raptors,79,119,9593,Monday
Memphis Grizzlies,Charlotte Hornets,105,106,8976,Wednesday
Indiana Pacers,Phoenix Suns,61,85,6749,Monday
Minnesota Timberwolves,Phoenix Suns,83,84,14063,Saturday
Portland Trail Blazers,Orlando Magic,95,93,6655,Friday
Los Angeles Lakers,New Orleans Pelicans,65,66,18192,Sunday
Milwaukee Bucks,Portland Trail Blazers,71,112,7376,Thursday
Toronto Raptors,Golden State Warriors,103,98,6447,Friday
New York Knicks,Dallas Mavericks,107,65,5416,Thursday
Cleveland Cavaliers,Oklahoma City Thunder,100,101,11358,Sunday
Denver Nuggets,Brooklyn Nets,118,116,6753,Friday
Utah Jazz,Toronto Raptors,97,97,5336,Thursday
Los Angeles Lakers,Sacramento Kings,73,74,18097,Saturday
San Antonio Spurs,Oklahoma City Thunder,97,82,9908,Wednesday
Charlotte Hornets,Philadelphia 76ers,110,65,9308,Monday
Los Angeles Clippers,Philadelphia 76ers,77,60,7982,Tuesday
San Antonio Spurs,Memphis Grizzlies,101,75,5968,Monday
Utah Jazz,Washington Wizards,115,115,11972,Sunday
Oklahoma City Thunder,Los Angeles Lakers,71,70,14640,Sunday
Charlotte Hornets,Milwaukee Bucks,94,93,17689,Sunday
Utah Jazz,Golden State Warriors,104,71,5425,Monday
Denver Nuggets,Brooklyn Nets,94,96,16393,Sunday
Washington Wizards,Chicago Bulls,81,81,13022,Sunday
Chicago Bulls,Houston Rockets,91,89,19614,Saturday
Portland Trail Blazers,Boston Celtics,96,86,6939,Wednesday
Washington Wizards,Philadelphia 76ers,72,72,11099,Sunday
