FIRST,LAST,PERSONALITY,DOG,TRAIT,DOG_AGE
Mozell,North,hilarious,Chihuahua,friendly,1
Paul,Allen,hilarious,Chihuahua,friendly,12
Myles,Granillo,hilarious,Pomeranian,friendly,10
Andrew,Meyers,hostile,Pug,aggressive,12
James,Yoder,loud,Maltese,aloof,16
Miguel,Gray,quiet,Maltese,aggressive,12
Karen,Bohm,abnoxious,Doberman,shy,8
Claudia,Mahan,loud,Poodle,shy,11
Anita,Mills,neurotic,Spaniel,shy,13
Kathy,Sharp,hilarious,Spaniel,friendly,8
George,Brunson,hilarious,Maltese,friendly,1
Michelle,Sikora,hostile,Dane,scared,12
Carrie,Johnson,hostile,Bulldog,aloof,2
Cory,Scott,loud,Spaniel,scared,7
Irene,Pitts,quiet,Dane,aloof,1
John,Russell,abnoxious,Spaniel,aloof,9
Donald,Stacey,hilarious,Doberman,friendly,8
Minnie,Hicks,hilarious,Pug,friendly,4
Dawn,Elliott,quiet,Pointer,aloof,10
Juan,Pagano,hilarious,Pomeranian,friendly,16
Jesica,Baldwin,hostile,Pointer,aggressive,10
David,Perkins,hostile,Poodle,aggressive,16
Frances,Cardenas,hostile,Beagle,scared,7
Michael,Bruce,neurotic,Dane,aloof,14
Theresa,Chance,hostile,Rottweiler,aggressive,8
Phyllis,Scofield,hostile,Poodle,scared,16
Karen,Patterson,hostile,Chihuahua,shy,1
Raymond,Simpson,loud,Dachshund,friendly,13
Donald,Hudson,hostile,Pointer,scared,9
Frank,Cruz,hostile,Bulldog,aggressive,7
Robert,Destefano,quiet,Spaniel,shy,8
Sarah,Wynter,neurotic,Pug,shy,16
Robert,Hugley,abnoxious,Rottweiler,aggressive,12
Barbara,Jenkins,hilarious,Spaniel,friendly,8
Ward,West,quiet,Pug,aloof,15
Harry,Brown,hostile,Boxer,shy,6
Janet,Crews,hilarious,Doberman,friendly,16
Thomas,Matthews,abnoxious,Rottweiler,aggressive,2
Lucille,Kelly,quiet,Dane,shy,5
Nita,McCarthy,quiet,Bulldog,aggressive,4
Cherry,Stepp,hilarious,Poodle,friendly,6
Natalie,Poore,hostile,Boxer,shy,5
Adrian,Skelton,hilarious,Poodle,friendly,7
Monica,Plumb,hostile,Beagle,scared,9
Robert,Dingle,loud,Bulldog,aloof,15
Ernest,Nunez,neurotic,Pug,friendly,2
Shawn,Salinas,abnoxious,Pomeranian,aggressive,2
Thomas,Miller,neurotic,Beagle,aloof,4
Marie,McCall,neurotic,Bulldog,aggressive,4
Rachel,Weaver,quiet,Pug,aloof,4
Brent,Nehls,hostile,Boxer,aloof,6
Avery,Collins,hostile,Dachshund,aggressive,16
Jesus,Holt,abnoxious,Chihuahua,shy,8
Dominick,Roche,neurotic,Poodle,friendly,16
Shirley,Hopkins,neurotic,Boxer,aggressive,2
Arlene,Rasmussen,quiet,Pug,shy,10
Alma,Boyd,neurotic,Pointer,aloof,1
Marion,Sauceda,hostile,Boxer,friendly,5
Bessie,Dozier,hostile,Maltese,shy,11
Alexandra,Fitzgerald,loud,Spaniel,shy,8
Fannie,Jacobs,hilarious,Pomeranian,friendly,5
Brandon,Minor,quiet,Doberman,friendly,10
Quincy,Roque,quiet,Boxer,aloof,9
Maria,Schutz,abnoxious,Doberman,aloof,5
Franchesca,Lee,hostile,Dane,aggressive,6
Aurora,Crespo,hostile,Pomeranian,aloof,3
Regina,Mack,loud,Pomeranian,aggressive,1
Cary,Harriman,neurotic,Pomeranian,shy,13
John,Morgan,abnoxious,Pug,aloof,9
Jonathan,Spencer,quiet,Doberman,aloof,12
Nancy,Wildes,abnoxious,Pug,scared,8
James,Hoffman,quiet,Pointer,friendly,11
Richard,Bass,loud,Rottweiler,aggressive,5
Franchesca,Deaton,loud,Rottweiler,aggressive,1
Frances,Fleming,hilarious,Spaniel,friendly,6
Robert,Pemberton,quiet,Pug,scared,7
Matthew,Anderson,loud,Rottweiler,aggressive,5
Pamela,Layne,loud,Pug,friendly,16
Ruben,Hughley,neurotic,Poodle,scared,8
Mary,Ernest,quiet,Pug,shy,15
Jacquelyn,Chandler,abnoxious,Dachshund,aloof,14
Karen,Torres,loud,Poodle,aloof,10
Mark,Day,abnoxious,Spaniel,scared,6
Robert,Whipple,hilarious,Rottweiler,aggressive,3
Regina,Grand,abnoxious,Maltese,friendly,6
Wendy,Alfred,abnoxious,Boxer,aggressive,2
Michael,Walker,hostile,Chihuahua,scared,11
Pauline,Ledbetter,hostile,Poodle,friendly,12
Robert,Houston,neurotic,Dachshund,shy,14
John,Windham,abnoxious,Chihuahua,aggressive,15
Paul,Franco,neurotic,Dane,shy,5
Michael,Tilton,abnoxious,Poodle,aloof,3
Phyllis,Jones,loud,Pomeranian,shy,15
Lera,Wright,abnoxious,Maltese,friendly,10
Nancy,Grigg,neurotic,Boxer,aloof,11
Brent,Martinez,hostile,Chihuahua,friendly,5
Robert,Davidson,neurotic,Pomeranian,aloof,9
Cheri,Snyder,abnoxious,Chihuahua,aloof,12
Clara,Arellano,hilarious,Chihuahua,friendly,3
Linda,Moore,hilarious,Dachshund,friendly,8
Karen,Fox,quiet,Beagle,aloof,13
Marquita,Williams,hilarious,Pug,friendly,12
Alfred,Warner,loud,Boxer,aloof,4
Ellen,Wheeler,hostile,Pointer,scared,11
Cynthia,Weddle,quiet,Dachshund,aloof,3
Giovanni,Hooper,hilarious,Beagle,friendly,4
Lillian,Blough,loud,Chihuahua,aggressive,10
John,Strain,quiet,Pug,aggressive,8
Sara,Rose,hilarious,Rottweiler,aggressive,4
Joshua,Sullivan,loud,Spaniel,shy,16
Susan,McKenzie,quiet,Chihuahua,friendly,3
Elsa,Yeager,neurotic,Pomeranian,shy,15
Ricky,Bates,neurotic,Boxer,aloof,12
Sanora,Richardson,neurotic,Spaniel,aggressive,9
Stella,Brooks,quiet,Rottweiler,aggressive,3
Amelia,Toledo,quiet,Dachshund,scared,10
Bethany,Angell,hilarious,Pomeranian,friendly,10
Janet,Sorrell,neurotic,BassetHund,shy,15
Irwin,Smith,hostile,Maltese,scared,7
Ashley,Haddix,hilarious,Dane,friendly,5
Dorothy,Billington,abnoxious,Doberman,scared,15
Erin,Palacios,abnoxious,Pointer,aggressive,6
Joshua,Pettaway,loud,Spaniel,aloof,13
Latasha,Hartigan,hostile,Pointer,aggressive,3
Donald,McIntire,neurotic,Chihuahua,friendly,1
Jay,Petrella,quiet,Maltese,scared,2
Philip,Long,loud,BassetHund,scared,7
Clifford,Soto,neurotic,Chihuahua,aggressive,9
Jennifer,Mendoza,hilarious,Poodle,friendly,15
Mary,Draper,neurotic,BassetHund,scared,3
Nicholas,McDonald,loud,Poodle,scared,7
Alonzo,Rowland,neurotic,Beagle,aloof,8
Don,Lindsey,quiet,Bulldog,friendly,15
Mary,Palmore,neurotic,Dane,friendly,5
Elizabeth,Mangan,quiet,Pomeranian,aloof,12
Ruben,Genovese,hostile,Doberman,scared,6
Tim,Pennington,neurotic,Bulldog,scared,5
Agnes,Cotner,abnoxious,Dachshund,friendly,1
Callie,Santoro,loud,Dachshund,aggressive,9
Robert,Heald,hilarious,Pomeranian,friendly,2
Jay,Lunsford,hilarious,BassetHund,friendly,16
Randy,Morales,loud,Spaniel,shy,1
Margaret,Ormiston,loud,Rottweiler,aggressive,13
Charles,Dennis,hostile,Pomeranian,scared,9
Madeline,Herrmann,hilarious,Pomeranian,friendly,9
Brittany,Erickson,hostile,Pug,shy,8
Paul,Schneider,loud,Maltese,aloof,4
Angela,Olson,loud,Pomeranian,scared,9
Laura,Strouth,abnoxious,Pomeranian,scared,8
Mariana,Sapp,loud,Pug,friendly,7
Daniel,McNeil,loud,Dachshund,friendly,12
Fran,Morrissey,neurotic,Boxer,aloof,13
Michael,Hilliard,quiet,Boxer,aggressive,2
Colin,Spahn,hilarious,Dachshund,friendly,8
Natalia,Mielke,hostile,Chihuahua,friendly,1
Oscar,Gandara,abnoxious,Pointer,aggressive,3
Thomas,Brady,hostile,Pomeranian,aloof,10
Mary,Roop,quiet,Pointer,shy,15
Joseph,Holliday,neurotic,Pomeranian,friendly,7
Jason,Douglas,loud,Pug,scared,5
Mary,Gerardi,quiet,Pomeranian,aggressive,9
Donna,Wilcox,hostile,BassetHund,friendly,9
Flora,Glass,hilarious,Pomeranian,friendly,15
Brandon,Stinson,quiet,Bulldog,aggressive,3
Peter,Beaulieu,quiet,Chihuahua,scared,6
Miguel,Harding,hostile,Dachshund,friendly,13
Mary,Merriweather,abnoxious,BassetHund,shy,3
Jeremy,Erwin,hostile,Dachshund,aloof,4
Luis,Carter,loud,Beagle,scared,3
Charlie,Blair,abnoxious,Pointer,aggressive,5
Rosie,Nickel,loud,Chihuahua,aloof,2
Barbara,Murray,neurotic,Poodle,scared,10
Holly,Honeycutt,neurotic,Beagle,aggressive,11
Jimmy,Quintana,hostile,Boxer,shy,2
James,Chavez,hostile,Pointer,friendly,2
Marilyn,Paulsen,quiet,BassetHund,scared,10
Robert,Troupe,quiet,Dane,scared,14
John,Walsh,abnoxious,Poodle,shy,8
Jose,Lynch,neurotic,Pointer,aggressive,15
Julie,Nelms,neurotic,Bulldog,aggressive,1
Kenneth,Grubbs,hilarious,Poodle,friendly,16
Wilfred,Womble,abnoxious,Bulldog,aggressive,16
Kathe,Mitchell,quiet,Doberman,shy,9
Willie,Armstrong,hostile,Doberman,shy,6
Todd,Enos,hilarious,Pug,friendly,14
Arthur,Rosario,hilarious,Spaniel,friendly,6
Megan,Veale,hilarious,Poodle,friendly,9
Louise,McPherson,loud,Pointer,scared,3
Tammy,Dixon,hilarious,Pomeranian,friendly,4
Maria,Adams,loud,Poodle,shy,7
Kitty,Galbraith,neurotic,Dane,shy,5
Cindy,Lucas,loud,Beagle,shy,7
Monica,Bahena,quiet,Maltese,aggressive,12
Lillian,Imai,hilarious,Dane,friendly,4
Jill,Thomas,quiet,Boxer,friendly,16
Jeannette,Millender,quiet,Poodle,scared,8
Darryl,Guth,abnoxious,Boxer,aggressive,12
Ethel,Lewis,loud,Rottweiler,aggressive,6
Reuben,Sandoval,loud,Beagle,aloof,12
Robert,Sevilla,hilarious,Maltese,friendly,5
Michael,Avery,neurotic,Dachshund,aloof,9
Donald,Kirkwood,neurotic,Poodle,aggressive,11
Janet,Marshall,hilarious,Dane,friendly,9
Brandon,Webb,neurotic,Dachshund,shy,16
Courtney,Beach,neurotic,Pomeranian,aloof,4
Johnny,Eisenberg,hostile,Spaniel,shy,4
Nicole,Elias,hostile,Pointer,shy,15
Amy,Feingold,neurotic,Rottweiler,aggressive,14
Melissa,Fletcher,quiet,Chihuahua,scared,15
Winston,Outten,loud,Doberman,aloof,11
Joan,Mello,neurotic,Boxer,aloof,13
Maureen,Tallman,hostile,Dachshund,shy,10
Debbie,Horner,hilarious,Bulldog,friendly,1
Ula,Shafer,hostile,BassetHund,friendly,7
Duane,Cooke,hilarious,Doberman,friendly,3
William,White,neurotic,Pomeranian,friendly,10
Ashley,Aguiar,hilarious,Pug,friendly,5
Joseph,Yang,hilarious,Boxer,friendly,13
Timothy,Herring,neurotic,Pug,aggressive,3
Jared,Pace,loud,Spaniel,aggressive,3
John,House,hilarious,BassetHund,friendly,10
Celeste,Warren,neurotic,Pointer,shy,12
Rocky,Hubbard,neurotic,Maltese,friendly,10
Hubert,Hara,quiet,Maltese,aloof,1
Willie,Linville,neurotic,Spaniel,scared,10
Ann,Hickman,abnoxious,Pomeranian,aloof,11
Celeste,Salazar,hostile,Bulldog,shy,9
Susan,Washington,neurotic,Maltese,aloof,14
Patricia,Clement,loud,Pomeranian,aloof,4
Gertrude,Kingston,loud,BassetHund,shy,7
James,Hedley,loud,Beagle,aggressive,3
Charles,Jeske,neurotic,Beagle,friendly,7
Ralph,Keith,quiet,Pomeranian,shy,13
Steven,Roosevelt,quiet,Maltese,friendly,14
Donald,Medina,hostile,Dachshund,friendly,1
Donna,Jorgensen,hostile,Rottweiler,aggressive,2
Peter,Bernard,quiet,Bulldog,aggressive,2
Preston,Puckett,loud,Bulldog,shy,6
Kathleen,Nakamura,neurotic,Pointer,scared,8
Amanda,Elkins,quiet,Pointer,aggressive,8
Richard,Matthew,loud,Chihuahua,scared,9
Diane,Leonard,quiet,Pug,aggressive,10
Gay,Womack,abnoxious,Poodle,shy,6
Judith,Norman,quiet,Poodle,friendly,14
Robert,Haas,loud,Boxer,scared,1
Kimberly,Maher,abnoxious,Poodle,friendly,1
Robert,Watkins,neurotic,Spaniel,scared,6
Charles,Randall,quiet,Rottweiler,aggressive,13
Evonne,Knudtson,hilarious,Dachshund,friendly,14
Elaina,Chaplin,abnoxious,Doberman,aloof,6
Frederick,Carrico,hostile,BassetHund,friendly,12
Milton,Ochoa,abnoxious,Pug,friendly,7
Cynthia,Bender,abnoxious,Rottweiler,aggressive,6
Vicki,Nash,abnoxious,Maltese,aggressive,8
Jason,Decker,quiet,Bulldog,shy,9
Regina,Campbell,loud,Dane,shy,7
James,McAfee,neurotic,Dachshund,friendly,10
Paul,Merchant,abnoxious,Dane,scared,10
Carlos,Hall,abnoxious,Pointer,scared,15
Harriet,Rees,quiet,Rottweiler,aggressive,13
Glenda,Aragon,neurotic,Rottweiler,aggressive,14
Kyle,Sierra,neurotic,Spaniel,friendly,11
Janice,Robinson,hostile,Dane,aloof,2
Alexandra,Lebron,quiet,Doberman,aloof,2
Billy,Payton,neurotic,Maltese,aloof,1
Mary,Gerald,hilarious,Pug,friendly,4
Brenda,Waugh,abnoxious,Beagle,scared,2
Thomas,Ames,hostile,Spaniel,aggressive,12
Fred,Gentry,hilarious,Pointer,friendly,5
Johnnie,Ward,hilarious,Pomeranian,friendly,10
Freddy,Marcus,hilarious,Pomeranian,friendly,12
Cynthia,Roderick,abnoxious,Rottweiler,aggressive,4
Clarence,Gonzales,hilarious,Spaniel,friendly,10
Christi,Borders,hilarious,Poodle,friendly,7
Joshua,Bryant,abnoxious,Poodle,friendly,15
Phyllis,McMurtry,loud,Boxer,aloof,11
Andrea,Woody,hilarious,Spaniel,friendly,4
Kristen,Turner,hostile,Maltese,scared,8
Valerie,Lange,abnoxious,Bulldog,friendly,7
Annabelle,Tankersley,quiet,Beagle,aloof,2
Steven,Tower,neurotic,Bulldog,aloof,4
Jacob,Tsan,hilarious,Doberman,friendly,7
John,Rogers,quiet,Dachshund,shy,9
Jennifer,Cunningham,hostile,Pug,friendly,14
Adelina,Montes,loud,Poodle,aggressive,13
Marsha,Sanchez,neurotic,Pug,aggressive,10
Bruce,Mojica,neurotic,BassetHund,friendly,16
Mary,Bowling,quiet,Boxer,friendly,3
Anthony,Cameron,loud,Rottweiler,aggressive,10
Peggy,Gooden,loud,Pomeranian,shy,15
John,Higgins,hilarious,Rottweiler,aggressive,15
Ronnie,Calderwood,quiet,Spaniel,aggressive,14
Grace,Maynard,loud,Dachshund,friendly,13
Mark,Mobley,hilarious,Beagle,friendly,5
Paul,Huskey,neurotic,Poodle,aggressive,7
Ruth,Ellingsworth,hostile,Spaniel,scared,3
Eugene,Dill,hostile,Bulldog,friendly,4
Juan,Chung,hilarious,Pomeranian,friendly,11
Jimmy,Morison,hostile,Pug,aloof,5
Amanda,Augustine,hostile,Spaniel,friendly,5
Helen,Sanderlin,abnoxious,Maltese,friendly,6
Peter,McMullen,neurotic,Chihuahua,aloof,15
Yong,Goode,loud,BassetHund,shy,15
Michael,Wire,abnoxious,Poodle,aloof,9
Gail,Blandon,loud,BassetHund,friendly,6
Willie,Zurita,neurotic,Poodle,aloof,1
Frank,Vaughn,quiet,Pointer,aggressive,7
Joseph,Campos,loud,Pointer,friendly,11
Joe,Gamez,hilarious,Spaniel,friendly,16
Jay,Obrien,quiet,Rottweiler,aggressive,7
John,Elgin,neurotic,Spaniel,shy,11
Owen,Hyder,abnoxious,Rottweiler,aggressive,15
Frances,Gass,neurotic,Pug,aggressive,14
Victor,Taylor,hostile,Doberman,aloof,15
Nathan,Coger,quiet,Rottweiler,aggressive,9
Sheryl,Whitlock,neurotic,Spaniel,friendly,10
Mellie,Justis,neurotic,Spaniel,friendly,9
Ella,Eatmon,abnoxious,Chihuahua,shy,6
Margaret,Pizzo,loud,Spaniel,aloof,12
Monica,Reder,neurotic,Dachshund,aloof,3
Marion,Larson,quiet,Boxer,aloof,12
Samuel,Willis,hostile,Poodle,friendly,1
John,Hurt,abnoxious,Chihuahua,aloof,13
Tanya,Hardin,hilarious,Chihuahua,friendly,3
Jason,George,loud,Rottweiler,aggressive,14
Tim,Bush,quiet,Rottweiler,aggressive,8
Ricky,Behrens,loud,Maltese,scared,14
Emily,Rollin,quiet,Poodle,friendly,16
Joyce,Posey,hilarious,Poodle,friendly,13
Paul,McMath,hilarious,Pointer,friendly,12
Daniel,McGowan,loud,Poodle,aggressive,6
Susan,Barrera,hostile,Doberman,shy,8
Coral,Aguilera,hilarious,Chihuahua,friendly,13
Robert,Tolan,neurotic,Pomeranian,scared,12
Patricia,Ayala,quiet,Pug,aloof,14
Daniel,Dupont,neurotic,Boxer,scared,2
Jeffery,Rowell,neurotic,BassetHund,aggressive,6
Larry,Ayers,quiet,Pointer,scared,7
Virginia,Sutherland,loud,Maltese,friendly,2
Steven,McClure,abnoxious,Pug,aggressive,14
John,Howell,abnoxious,Boxer,friendly,13
Beth,Wilson,neurotic,Pointer,shy,8
Glady,Hawkins,hostile,Beagle,scared,9
Joanna,Colvin,quiet,Dachshund,aloof,13
Jon,Maloney,loud,Bulldog,aggressive,10
Suzanne,Klein,abnoxious,Beagle,aggressive,13
Robert,Strange,abnoxious,Dachshund,aggressive,16
Marty,Reveles,loud,Doberman,friendly,5
Kenneth,Davis,hilarious,Bulldog,friendly,9
Kimberly,Carroll,abnoxious,Bulldog,shy,14
Michael,Gordon,quiet,Pug,shy,4
Monica,Humble,hostile,Rottweiler,aggressive,13
Kimberly,May,abnoxious,Poodle,scared,1
Casey,Mauldin,quiet,Doberman,scared,5
David,Leblanc,neurotic,Spaniel,aggressive,15
Sabra,Castillo,neurotic,Dane,friendly,16
Robert,Ellis,neurotic,Boxer,aloof,5
William,Gullickson,hilarious,Poodle,friendly,14
Cheryle,Sanders,hilarious,Pomeranian,friendly,12
Socorro,Orellana,loud,Spaniel,shy,1
Debra,Walter,neurotic,BassetHund,aloof,1
Scott,Clayton,hostile,Poodle,scared,14
Felix,Bly,hostile,Dane,shy,8
Shari,McKissick,neurotic,Pomeranian,aloof,12
Abbie,Penaflor,loud,Rottweiler,aggressive,9
Gustavo,Lucero,hostile,Boxer,scared,11
Paul,Oldham,loud,Pug,aggressive,14
Ethel,Wilt,hilarious,Rottweiler,aggressive,7
Philip,Jeffery,abnoxious,Poodle,aloof,5
Preston,Robbins,loud,Pomeranian,aloof,2
Lisa,Shannon,loud,Pointer,shy,14
Dorothy,Roberts,abnoxious,Doberman,shy,4
Amy,Ratley,loud,Spaniel,aloof,11
Jarrod,Boone,quiet,Pointer,aggressive,14
Charles,Oakley,hilarious,Bulldog,friendly,3
Donna,Schmidt,loud,Doberman,shy,4
Paul,Cosper,neurotic,Pomeranian,aggressive,6
Susan,Riggs,hostile,BassetHund,scared,2
Georgia,Munoz,loud,BassetHund,scared,11
Helen,Dukes,loud,Pug,scared,13
Gail,Wolfe,abnoxious,Pug,shy,6
Janet,Ruiz,loud,Dachshund,scared,12
Kim,Gauthier,loud,Beagle,friendly,5
Kristine,Addison,hilarious,BassetHund,friendly,15
Kristin,Dombrowski,loud,Spaniel,friendly,2
Jason,John,loud,Rottweiler,aggressive,15
David,Villasenor,hostile,Dane,aloof,8
Grace,Chapman,neurotic,Pug,aloof,4
Dona,Werner,loud,Dane,shy,14
Alisa,Jolly,loud,Pointer,scared,10
Barbara,Brim,loud,Poodle,aloof,7
Katherine,Carey,hilarious,Beagle,friendly,3
Jesse,Conley,hostile,Rottweiler,aggressive,10
Peggy,Morton,neurotic,Rottweiler,aggressive,1
Jay,Mason,quiet,Dachshund,aloof,14
Kristin,Beaudoin,hilarious,Pug,friendly,12
Judy,McNamee,loud,Rottweiler,aggressive,1
Esteban,Zajac,abnoxious,Boxer,friendly,7
Kenneth,Mann,abnoxious,Spaniel,friendly,4
Dawna,Bury,hilarious,Pointer,friendly,13
Samuel,Lanctot,loud,Chihuahua,aloof,8
Kelly,McGonagle,neurotic,Dane,shy,7
Ethel,Stubbs,loud,Pointer,aloof,6
Miguel,Lucio,hostile,Beagle,scared,16
Robert,Tully,hostile,Beagle,aggressive,15
Steve,Pettway,quiet,Beagle,shy,11
Michelle,Pursel,loud,Poodle,aggressive,14
Micheal,Simmons,quiet,Rottweiler,aggressive,6
Linda,Alam,hilarious,Maltese,friendly,5
Ida,Clark,hostile,Dachshund,shy,6
George,Ross,neurotic,Poodle,shy,10
James,Angulo,quiet,Poodle,scared,13
Bette,Trombley,loud,Pointer,friendly,8
Ronald,Schlater,hilarious,BassetHund,friendly,13
Jo,Massingill,neurotic,Doberman,friendly,4
Elizabeth,Montgomery,neurotic,Dane,shy,13
Edward,Compton,neurotic,Pug,aloof,14
Mark,Harris,quiet,Dachshund,scared,12
Alberto,Adkison,loud,Chihuahua,aloof,6
Randy,Phillips,neurotic,Boxer,friendly,15
Cory,Dick,neurotic,Maltese,shy,2
Karen,Whittaker,loud,Pointer,friendly,12
Jessie,Morris,neurotic,Boxer,aloof,5
Elsie,Kelley,hostile,Bulldog,aloof,14
Donna,Hernandez,abnoxious,Dachshund,aggressive,16
Margaret,Singletary,quiet,Chihuahua,aggressive,12
Lupe,Martins,hilarious,BassetHund,friendly,5
Joe,Quinlan,abnoxious,Spaniel,scared,16
Erma,Parsons,quiet,Spaniel,aggressive,4
Ann,Alford,hostile,Rottweiler,aggressive,10
Sheree,Conaway,neurotic,Doberman,aggressive,2
Rocky,Morell,neurotic,Pointer,aloof,9
David,Butts,hilarious,Boxer,friendly,5
Earl,Green,hostile,Rottweiler,aggressive,8
Thomas,Strong,neurotic,Chihuahua,scared,12
Lisa,Perez,quiet,Pointer,shy,1
William,Delcambre,neurotic,Beagle,aloof,2
Maribel,Hayes,loud,Chihuahua,friendly,13
Jacklyn,Curry,abnoxious,Doberman,shy,10
Holly,Dunn,quiet,Pug,aggressive,16
Robert,Cales,hostile,Bulldog,scared,2
Terri,Rodriguez,abnoxious,Dane,shy,11
Bobby,Myers,hostile,Dachshund,shy,12
John,Byers,hostile,Chihuahua,scared,10
Arthur,Nordberg,abnoxious,Chihuahua,friendly,5
Kevin,Cho,neurotic,Beagle,aggressive,5
Karen,Oconnell,neurotic,Dane,scared,1
Dawn,Howerton,hostile,Doberman,friendly,12
Jeffrey,Petersen,hostile,Poodle,shy,11
Minnie,Leyva,neurotic,Dane,aloof,16
Gilbert,Kincer,loud,Poodle,scared,6
Edgar,Lage,hostile,Pug,shy,6
Theresa,Venegas,neurotic,Pomeranian,shy,16
Jennifer,Saxton,hostile,Bulldog,aggressive,4
Daniel,Soderlund,hostile,Doberman,shy,14
Richard,Pierce,loud,Doberman,aloof,2
Janice,Jimenez,neurotic,Pug,shy,11
Randy,Paredes,neurotic,Beagle,shy,13
Ashley,Hulbert,hostile,BassetHund,scared,9
Paul,Rutledge,quiet,Pointer,shy,9
Natalie,Reese,quiet,Poodle,shy,14
Valerie,Kyser,hilarious,Pointer,friendly,15
Gordon,Crutchfield,hostile,Spaniel,friendly,2
William,Her,abnoxious,Pointer,shy,8
Lori,Mullins,abnoxious,Boxer,aloof,12
Joan,Ayotte,loud,Maltese,friendly,8
Estelle,Hartshorn,neurotic,Beagle,friendly,9
Timothy,Lillie,abnoxious,Spaniel,friendly,8
Jeanette,Dawes,abnoxious,Maltese,shy,15
Lawrence,Babb,neurotic,Maltese,friendly,14
James,McLaurin,quiet,Doberman,shy,12
Adam,Paulson,hilarious,Pug,friendly,11
Lucille,Ford,quiet,Boxer,aloof,10
Belinda,Greenblatt,abnoxious,BassetHund,aggressive,10
Lori,Flanery,quiet,Rottweiler,aggressive,11
Marilyn,Breuer,quiet,Pointer,friendly,14
George,Reaves,neurotic,Spaniel,friendly,16
Larry,McEntee,loud,Bulldog,scared,5
Ramon,Le,loud,Beagle,aggressive,2
Melissa,Baskett,hilarious,Poodle,friendly,3
Nicholas,Dempsey,hilarious,Boxer,friendly,14
Renea,Bell,hostile,Beagle,shy,1
Walter,Flores,abnoxious,Rottweiler,aggressive,15
Emily,Moreno,abnoxious,Beagle,shy,6
Debra,Mincey,abnoxious,Maltese,friendly,10
Charlotte,Maxwell,abnoxious,Chihuahua,aloof,1
Ronald,Dave,loud,Dachshund,friendly,2
Micheal,Andersen,hilarious,Pointer,friendly,16
Scott,Berman,hostile,Dachshund,scared,6
Robert,Withers,hostile,Pointer,scared,13
Denise,Lutz,quiet,Pug,aggressive,7
Alma,Trawick,loud,Pug,shy,14
Kevin,Satterfield,hilarious,Pointer,friendly,4
Matthew,Cohen,hostile,BassetHund,aggressive,16
Christa,Hills,neurotic,Dachshund,aloof,12
Fred,Whited,loud,BassetHund,scared,9
Oscar,Miles,hilarious,Pug,friendly,14
Linda,Perri,hilarious,Doberman,friendly,11
Alma,Desantis,abnoxious,Beagle,friendly,11
Bernard,Goff,abnoxious,Poodle,aggressive,8
Linda,Prewitt,neurotic,BassetHund,aggressive,1
Trudy,Harrison,abnoxious,Maltese,scared,11
Gregory,Lees,quiet,Pomeranian,aggressive,1
Carolyn,Cavallaro,loud,Spaniel,shy,10
George,Wallace,hilarious,Chihuahua,friendly,9
Jean,Farmer,neurotic,Pug,friendly,7
Ula,Fackler,quiet,Pomeranian,aloof,4
Mary,Cox,hilarious,Doberman,friendly,15
Matthew,Jackson,loud,Spaniel,shy,11
Phyllis,Ryder,quiet,Maltese,friendly,5
Charles,Carlson,abnoxious,Pomeranian,aggressive,2
Robert,Plott,abnoxious,Chihuahua,friendly,1
Marcia,Bartlett,neurotic,Dane,friendly,7
Rebecca,Hannah,hilarious,Pointer,friendly,4
James,Fite,hilarious,Rottweiler,aggressive,9
Kimberly,Buck,loud,Bulldog,aggressive,10
Sally,Crosby,loud,BassetHund,aggressive,4
Dennis,Burnett,neurotic,Pomeranian,aloof,14
Tatyana,Mullen,abnoxious,Bulldog,aggressive,2
Allison,Mosley,abnoxious,Beagle,friendly,3
Carmen,Cochran,loud,Pug,friendly,3
Nathan,Dejesus,quiet,Dane,aggressive,16
Douglas,Fischer,loud,Pug,friendly,6
Annette,Martin,abnoxious,Poodle,scared,12
Belinda,Bradley,neurotic,Beagle,shy,16
Karen,Weathers,abnoxious,Spaniel,shy,9
Thomas,Holloway,hostile,Doberman,aloof,16
Amanda,Hollins,hostile,Doberman,aggressive,13
Ethel,Norwood,hostile,Maltese,shy,12
Charline,Cartwright,loud,Bulldog,friendly,12
George,Barrier,hostile,Pug,shy,11
Georgia,Poff,abnoxious,Dachshund,aloof,4
Steven,Neal,hilarious,BassetHund,friendly,10
Eileen,Hinton,loud,Maltese,aggressive,14
Amanda,Fannin,neurotic,Pug,aloof,15
Rigoberto,Haney,hilarious,Dane,friendly,15
Audrey,Burgos,abnoxious,Maltese,aggressive,15
Lula,Peres,abnoxious,Pomeranian,scared,12
Lee,Stacy,quiet,Rottweiler,aggressive,2
Margaret,Pugh,hostile,Doberman,friendly,16
Tiffany,Wiley,hostile,Maltese,aggressive,1
Doris,Gates,neurotic,Pomeranian,friendly,16
Wallace,Deines,loud,Dachshund,aggressive,11
Amber,Dunham,loud,Maltese,aloof,7
Brian,Citizen,hilarious,Bulldog,friendly,10
John,Calderon,abnoxious,Pug,shy,14
Jose,Cortes,hilarious,Rottweiler,aggressive,14
Kathryn,Lowe,quiet,Rottweiler,aggressive,11
Janelle,Feldman,hilarious,Chihuahua,friendly,12
Inger,Gurney,hostile,Chihuahua,scared,3
Sheron,Lansberry,loud,Rottweiler,aggressive,16
Clifford,Cason,quiet,Boxer,scared,14
Yolanda,Wagner,hilarious,Maltese,friendly,12
Ruth,Bullard,loud,Dachshund,aloof,8
Alexandra,Gonzalez,hilarious,Dachshund,friendly,1
Laura,Covert,quiet,Dane,aggressive,14
Lois,Flanagan,hilarious,Poodle,friendly,6
Ronald,McIntyre,loud,Rottweiler,aggressive,2
Rachel,Jeffrey,abnoxious,Spaniel,friendly,8
Gary,Edwards,quiet,Pug,aggressive,11
Kenneth,Contreras,loud,Beagle,shy,16
Lanita,Pollock,hilarious,Bulldog,friendly,9
Rebecca,Fay,loud,Chihuahua,shy,11
Matthew,Dibble,hilarious,Chihuahua,friendly,11
Elda,Akers,abnoxious,Rottweiler,aggressive,16
Lindsay,Heenan,hostile,Spaniel,aloof,7
Debbie,Pesce,hilarious,Bulldog,friendly,15
Ivory,Emmanuel,quiet,Poodle,friendly,3
Thomas,Charles,quiet,Pomeranian,aggressive,14
Julia,Rodgers,abnoxious,Pug,aloof,9
Chelsea,Baker,loud,Beagle,scared,12
Joshua,Moorhouse,hostile,Pug,aloof,1
Jimmy,Branton,hostile,Pug,shy,1
Nicholas,McKay,hilarious,Dachshund,friendly,9
Carrie,Shoffner,abnoxious,Pug,scared,4
Kevin,Lane,neurotic,Chihuahua,aloof,2
Pamela,Laird,abnoxious,Dachshund,friendly,8
Richard,Sample,hostile,Spaniel,aggressive,3
Preston,Frizzell,abnoxious,Doberman,aloof,16
Marian,Romero,hostile,Dachshund,friendly,9
Joan,Negrete,hostile,Pointer,aggressive,16
James,Karp,hostile,BassetHund,friendly,1
Megan,Thompson,loud,Maltese,scared,16
Ethel,Zambrano,abnoxious,Pointer,aggressive,14
Ella,Hutchins,neurotic,Dachshund,friendly,15
Mitsuko,Trapp,hilarious,Dane,friendly,3
Richard,Greene,neurotic,Chihuahua,aggressive,12
Timothy,Briggs,neurotic,Boxer,scared,10
Paul,Knutson,hostile,Dane,scared,3
James,Nelson,hostile,Spaniel,friendly,9
Cynthia,Bolden,hilarious,Rottweiler,aggressive,1
Frances,Banks,hilarious,Dachshund,friendly,5
Nicholas,Gomez,hilarious,Bulldog,friendly,12
Dusty,Roland,neurotic,Maltese,aloof,2
Walter,Godinez,hilarious,Pomeranian,friendly,12
Anne,Fargo,quiet,Dachshund,aloof,11
Lyn,Vega,loud,Rottweiler,aggressive,4
Charlotte,Skinner,quiet,Doberman,aloof,15
Michael,Lopez,hostile,Doberman,aloof,10
Dorothy,Sheets,loud,Doberman,aloof,3
Bruce,Hecht,hostile,Beagle,friendly,10
Sandra,McMahon,hilarious,Dane,friendly,9
Mary,Perry,hostile,Dachshund,shy,7
Reginald,Annis,hostile,Chihuahua,aloof,11
Theresa,Truong,loud,Pomeranian,friendly,14
Dominick,Carver,hostile,Doberman,aggressive,15
Myra,Stetson,abnoxious,Pointer,friendly,3
Dennis,Dupree,hilarious,Dachshund,friendly,1
Justin,Slone,abnoxious,Chihuahua,scared,15
Janet,Griffith,loud,Spaniel,aggressive,8
Patricia,Lavender,neurotic,Spaniel,shy,12
Esther,Coy,loud,BassetHund,scared,5
Dorothy,Pittman,loud,Spaniel,shy,11
Mathew,Glisson,neurotic,Dane,scared,8
Frances,Plemmons,hostile,Rottweiler,aggressive,14
Tyler,Tapia,hostile,Pointer,friendly,3
Michelle,Paquette,hilarious,Maltese,friendly,16
Connie,McConnell,hilarious,Boxer,friendly,4
Richard,Reid,abnoxious,Spaniel,shy,8
Amy,Pena,quiet,Chihuahua,scared,7
Kevin,Soliz,hilarious,Dane,friendly,15
Sergio,Gardiner,hilarious,BassetHund,friendly,6
Michael,Nava,hostile,Boxer,shy,9
Janet,Gutierrez,abnoxious,Chihuahua,friendly,6
Audrey,Foster,quiet,Poodle,aloof,8
Courtney,Himes,neurotic,Beagle,shy,9
Norma,Scoles,quiet,Spaniel,aloof,8
Jason,Dieter,neurotic,Pug,scared,4
Mary,Dean,loud,BassetHund,aggressive,6
Meg,Milner,hostile,Chihuahua,shy,15
Lisa,Woodworth,quiet,Pomeranian,aloof,6
Janet,Chambers,hostile,Dachshund,scared,12
Albert,Harden,abnoxious,Poodle,scared,3
William,Manion,quiet,Spaniel,scared,7
Aracely,Acosta,neurotic,Poodle,scared,16
Sharon,Shelton,hostile,Pomeranian,friendly,4
Helen,Corbin,quiet,Bulldog,friendly,1
Lucille,Walters,hostile,Dane,friendly,8
Glenda,Dimattia,abnoxious,Pointer,aloof,14
Eileen,McCarty,quiet,Beagle,aloof,5
Paul,Norris,hostile,Dachshund,aggressive,10
Charles,Hereford,quiet,Spaniel,friendly,4
Elizabeth,Tyler,quiet,Boxer,shy,10
John,McDuffie,neurotic,Pug,aggressive,6
Marion,Poole,hostile,Pointer,shy,10
Kathy,McLaren,hostile,Bulldog,scared,10
Peter,Goldstein,loud,Bulldog,shy,7
Arnold,Diaz,hostile,Maltese,aggressive,5
Lawrence,Poythress,quiet,Bulldog,aggressive,3
Fran,Stewart,abnoxious,Boxer,aggressive,6
Dale,Bailey,hostile,Pomeranian,aggressive,8
Michael,Gritton,hostile,Pomeranian,friendly,6
Donna,Nguyen,hostile,Chihuahua,aloof,5
Mary,Ortiz,hostile,Pointer,aggressive,8
Karen,Porter,abnoxious,Dachshund,aggressive,5
Joe,Herrington,loud,Chihuahua,aloof,13
Juan,Desmond,hostile,Doberman,aloof,7
Virginia,Villegas,neurotic,Rottweiler,aggressive,11
Holly,Hopper,hostile,Poodle,aloof,16
Megan,Post,hilarious,Pointer,friendly,5
Karen,Ervin,hostile,Pointer,friendly,16
Howard,Grimmett,quiet,Pomeranian,shy,5
Dennis,Bardsley,abnoxious,Dachshund,friendly,11
Mary,Stoner,loud,Spaniel,aggressive,8
Polly,Swan,loud,Boxer,scared,7
Dorothy,Kirkham,abnoxious,Pointer,friendly,11
Thomas,James,loud,Spaniel,friendly,16
Harry,Schermerhorn,abnoxious,Boxer,scared,4
Jeanette,Khan,hostile,Chihuahua,aggressive,4
Violet,Poch,hostile,Beagle,shy,14
Solomon,Amar,quiet,Spaniel,aloof,11
Michael,Roach,hilarious,Pug,friendly,15
Russell,Cisneros,loud,Dachshund,aggressive,9
Ethel,Fitch,loud,Dachshund,shy,12
Mary,Espinoza,abnoxious,Pomeranian,aloof,10
Reggie,Estes,hostile,Maltese,friendly,2
Caroline,Carrillo,neurotic,Beagle,aloof,10
Joyce,Turk,neurotic,Dachshund,friendly,11
Henry,Freedman,abnoxious,Pointer,aggressive,11
Mark,Radel,neurotic,Dachshund,shy,7
Todd,Rudolph,quiet,Doberman,scared,6
Stephen,Burkes,hilarious,Boxer,friendly,4
Mary,McComb,quiet,Spaniel,friendly,16
Maria,Elmore,neurotic,Dane,shy,9
Patsy,Hare,loud,Spaniel,friendly,9
Charlotte,Mathewson,loud,Dane,aggressive,2
Mary,Sweeney,hostile,Pug,scared,1
Joe,Burton,abnoxious,Spaniel,aloof,6
Antonio,Crook,loud,Pointer,scared,15
Michael,Edmondson,loud,Dachshund,friendly,6
Lawrence,Cue,hostile,Spaniel,aggressive,12
Troy,Wardle,hilarious,Rottweiler,aggressive,7
Hyman,Lundberg,hostile,Poodle,shy,8
Della,Hill,loud,Bulldog,shy,4
Joe,Coleman,neurotic,Poodle,aggressive,16
Lori,Gabriel,neurotic,Poodle,friendly,11
Shauna,Faulk,abnoxious,Bulldog,shy,10
Sarah,Holmes,abnoxious,Bulldog,friendly,8
Cheri,Rice,quiet,Bulldog,aloof,2
Sheldon,Wiebe,loud,Chihuahua,friendly,1
James,Bryson,loud,BassetHund,friendly,13
Michael,Freeman,hilarious,Rottweiler,aggressive,15
Norman,Poteat,neurotic,Chihuahua,aggressive,5
Frances,Finnegan,hostile,Boxer,shy,10
Yael,Hughes,abnoxious,Pug,friendly,11
Miguel,Mazzola,abnoxious,Beagle,aloof,15
Ashley,Nutting,neurotic,Pointer,aggressive,8
Porfirio,Bean,loud,Pug,shy,5
James,Price,quiet,Boxer,aloof,5
Charles,Mumaw,loud,Chihuahua,aloof,8
Rosalva,Carmichael,hilarious,Beagle,friendly,10
Rosa,Stoneburner,hilarious,Bulldog,friendly,7
Patrick,Hiatt,hilarious,Beagle,friendly,1
Kimberly,Waits,abnoxious,Chihuahua,aloof,14
Carol,Amin,loud,Doberman,shy,6
Richard,Knight,hostile,Boxer,aggressive,2
Esther,Shriner,hilarious,Dane,friendly,10
Patricia,Levinson,abnoxious,Rottweiler,aggressive,7
Fidel,Barber,hostile,BassetHund,scared,10
Jacklyn,Martz,neurotic,Chihuahua,friendly,12
Jack,Valentine,hilarious,Beagle,friendly,5
Daniel,Welsh,hostile,Pointer,aggressive,16
Claretta,Spears,hilarious,Boxer,friendly,4
Vera,Auger,hilarious,Beagle,friendly,3
Mary,Lyons,hilarious,Rottweiler,aggressive,13
Howard,Cotton,hostile,Beagle,shy,3
Yolanda,Bassett,loud,Pomeranian,friendly,13
Marie,Darby,hilarious,Spaniel,friendly,10
Beatrice,Rangel,hostile,Pointer,aggressive,8
Veronica,Daugherty,loud,Spaniel,aggressive,2
Shawn,Trautman,hilarious,Pointer,friendly,1
William,Hovis,quiet,Poodle,scared,14
Larry,Schuyler,hilarious,Chihuahua,friendly,11
Richard,Coggin,quiet,Dane,shy,9
Terrell,Lipinski,quiet,BassetHund,scared,4
Allen,Young,hostile,Pointer,scared,11
Melvin,Galeano,neurotic,Pointer,aloof,14
George,King,hilarious,Pointer,friendly,3
Thomas,Main,hilarious,Poodle,friendly,6
Kyle,Clemons,hilarious,Rottweiler,aggressive,12
Willie,Causey,quiet,Chihuahua,shy,1
Dawn,Unrein,neurotic,Poodle,aggressive,4
Peter,Dominguez,loud,Pug,scared,14
Esperanza,Matlock,neurotic,Boxer,aggressive,6
Meredith,Tirado,neurotic,Dachshund,friendly,8
Forrest,Powell,abnoxious,Dane,scared,9
Peter,Cha,hilarious,Boxer,friendly,5
Antonio,McGrath,hostile,Pug,aggressive,1
Nikole,Mulcahy,loud,Maltese,friendly,13
Herschel,Wendland,hilarious,Pug,friendly,8
Alena,Schley,hilarious,Pomeranian,friendly,3
Douglas,Holcomb,neurotic,Spaniel,aggressive,7
Brenda,Kleiner,neurotic,Bulldog,aggressive,16
Larry,Pugsley,hilarious,Pug,friendly,15
Gloria,Coburn,abnoxious,Beagle,aggressive,3
Billy,Escobedo,neurotic,Pug,scared,14
Darlene,Kerr,neurotic,Maltese,aloof,4
Matthew,Poirier,hostile,Dachshund,friendly,4
Natalia,Heinrich,hilarious,BassetHund,friendly,7
Hugo,Carpenter,hilarious,Doberman,friendly,4
Ronnie,Qualls,hilarious,Pointer,friendly,11
Daniel,Diggs,abnoxious,Pointer,aloof,1
Darlene,Gregory,hilarious,Pointer,friendly,15
Dennis,Glaser,neurotic,Boxer,friendly,12
Willis,Norton,hilarious,Doberman,friendly,14
George,Godfrey,hilarious,Poodle,friendly,14
Thomas,Strickland,hilarious,Beagle,friendly,13
Casey,Peck,neurotic,Pomeranian,aggressive,14
Paul,Aguilar,quiet,Dachshund,aloof,12
Richard,Bushey,loud,Pug,scared,13
James,Zamudio,abnoxious,Dane,scared,2
Gloria,Bustamante,abnoxious,Rottweiler,aggressive,4
Pamela,Winston,abnoxious,Pug,scared,11
Darrel,Wicklund,loud,Pointer,scared,5
Alicia,Orem,hilarious,Boxer,friendly,3
Frank,Moody,loud,Pomeranian,shy,14
Josephine,Evelyn,quiet,Chihuahua,friendly,6
Eric,Lamb,hilarious,Boxer,friendly,1
Richard,Prill,hilarious,BassetHund,friendly,8
Kevin,Mayer,neurotic,Pug,shy,12
Wanda,Ware,quiet,Rottweiler,aggressive,12
Yvette,Graham,quiet,BassetHund,aggressive,8
Micheal,Groner,loud,Beagle,friendly,14
Jason,Oconner,neurotic,Spaniel,aloof,11
Michael,Killian,loud,Bulldog,shy,8
Billy,Rhodes,neurotic,Dane,aggressive,9
Michael,Jefferson,neurotic,Bulldog,aloof,14
Howard,Reynolds,loud,Doberman,aggressive,2
Edward,Fisher,hilarious,Poodle,friendly,13
Debra,Dupuis,abnoxious,Boxer,friendly,11
Dolores,Bower,hostile,Poodle,aggressive,10
Iliana,Sabia,abnoxious,Maltese,aggressive,7
Katie,Johnston,hostile,Rottweiler,aggressive,7
Connie,Heron,neurotic,Pointer,shy,5
Ethel,Brewer,hilarious,Maltese,friendly,1
Willie,Cortez,loud,Boxer,aloof,4
Marvin,Ballard,hostile,Dachshund,friendly,12
Shirley,Elam,hilarious,Boxer,friendly,6
Lloyd,Castaneda,quiet,BassetHund,aloof,16
Robert,Carmack,loud,Pug,scared,3
Holly,Fiedler,neurotic,Pug,shy,9
Charles,Gladden,quiet,Spaniel,scared,9
David,Castro,abnoxious,Pug,scared,12
Ralph,Godbolt,abnoxious,Bulldog,scared,1
James,Carlisle,hilarious,Pointer,friendly,1
Elmer,Garza,hilarious,Dachshund,friendly,8
Ambrose,Oliver,loud,Rottweiler,aggressive,5
Victoria,Velez,hostile,Dachshund,aloof,5
Vivian,Greenspan,quiet,BassetHund,friendly,3
Jennifer,Henson,hilarious,Pointer,friendly,14
Leroy,Zapata,neurotic,Chihuahua,shy,4
Christopher,Karam,hostile,Spaniel,shy,2
Daisey,Cordova,neurotic,Bulldog,friendly,9
Kay,Musgrove,neurotic,Doberman,aloof,6
Mike,Coffey,quiet,Bulldog,aggressive,3
Myra,Christman,hostile,Doberman,shy,9
Joseph,Barstow,hilarious,Chihuahua,friendly,6
Terri,Valdes,quiet,Spaniel,aloof,5
Jon,Kelleher,neurotic,Doberman,aloof,10
Cheryl,Stratton,neurotic,Spaniel,aloof,10
Wayne,Pease,loud,BassetHund,shy,8
Grace,Flowers,loud,Doberman,friendly,13
Lemuel,Bowes,hilarious,Pug,friendly,7
Jose,Jaco,hostile,Beagle,scared,12
Christine,Hawks,loud,Chihuahua,friendly,2
Charles,Butler,quiet,Maltese,scared,8
Mark,Hampton,hostile,Bulldog,shy,14
Johnathan,Lozano,loud,Doberman,friendly,14
Rachel,Hargrove,loud,Boxer,friendly,13
Richard,Wickham,hilarious,Spaniel,friendly,12
Douglas,Federico,hilarious,Pug,friendly,16
Bette,Ricketts,neurotic,Rottweiler,aggressive,6
Blair,Bowman,hilarious,Pug,friendly,5
Troy,Holman,abnoxious,Spaniel,friendly,4
Thomas,Kubiak,loud,BassetHund,scared,5
Doris,Isaacson,quiet,Beagle,aloof,16
Joel,Kelsey,neurotic,BassetHund,aloof,6
Elaine,Kim,abnoxious,Beagle,shy,10
Annabelle,Goins,loud,Chihuahua,aloof,5
Roy,Tipton,quiet,Poodle,shy,13
Susan,Beck,loud,Pomeranian,shy,7
Rachel,Henry,quiet,Pomeranian,aggressive,9
Kay,Morse,abnoxious,Poodle,friendly,10
Marta,Hunt,quiet,Beagle,aloof,1
Jack,Herzog,hostile,Pointer,shy,1
Warren,Pitt,hostile,Pug,aggressive,6
Belva,Galindo,loud,Boxer,scared,3
Eula,Arehart,hilarious,Beagle,friendly,10
Kyle,Moss,hilarious,BassetHund,friendly,8
Josephine,Stark,hostile,Pointer,friendly,4
Judith,Sims,quiet,Pug,scared,15
Billy,Liggett,neurotic,Beagle,scared,5
Jason,Goss,quiet,Maltese,scared,2
Janice,McCloud,hilarious,Pointer,friendly,14
Ernestine,Chiang,neurotic,Doberman,aloof,13
Sergio,Mallett,hilarious,BassetHund,friendly,1
Randall,Amado,loud,Rottweiler,aggressive,10
Melvin,Rottman,quiet,Spaniel,friendly,1
Lisa,Stone,quiet,Boxer,scared,12
Robert,Ardito,loud,Beagle,friendly,16
Carl,Peterson,loud,Boxer,aloof,12
Suzanna,Daddario,loud,Dachshund,shy,9
Agnes,Denniston,hilarious,BassetHund,friendly,6
Donna,Juarez,abnoxious,Pointer,aggressive,11
John,Sylvester,neurotic,Chihuahua,aloof,3
Katherine,Osborn,loud,Chihuahua,shy,16
Marie,Sherman,hostile,Bulldog,friendly,9
Joseph,Shaffer,loud,Dane,scared,9
Glenn,Pruitt,loud,Dachshund,aggressive,4
Edward,Ashby,hilarious,Beagle,friendly,12
Jess,Ramirez,quiet,Dachshund,aggressive,9
Annelle,Garcia,neurotic,Pomeranian,shy,10
Estelle,Heinen,hilarious,Beagle,friendly,10
Gladys,Potts,hilarious,Dane,friendly,4
Lisa,Dawson,loud,Beagle,aggressive,10
Robert,Garner,hilarious,Beagle,friendly,10
Joy,Highsmith,hilarious,BassetHund,friendly,4
Linda,Goodrich,abnoxious,Pomeranian,shy,5
Sean,Gary,quiet,Chihuahua,scared,8
Juana,Rosenthal,quiet,Rottweiler,aggressive,6
John,Williamson,abnoxious,Dachshund,friendly,7
Latasha,Jernigan,neurotic,Bulldog,friendly,10
Betty,Gebo,hilarious,Pomeranian,friendly,3
Antonio,Ashley,abnoxious,Dachshund,aggressive,13
Stephen,Vance,loud,Pointer,aggressive,1
Brian,Michalec,abnoxious,Dachshund,friendly,8
Antonia,Sisk,quiet,Dane,friendly,12
Lewis,Richie,quiet,Beagle,friendly,6
Raul,Hyatt,neurotic,Bulldog,aloof,7
Georgia,Nesbitt,loud,Chihuahua,aloof,13
George,Henderson,loud,Beagle,friendly,2
Wesley,Crawford,loud,Doberman,aloof,4
Jose,Wood,loud,Dane,aloof,11
Angie,Matias,hostile,Pug,shy,14
Joseph,Dodds,hilarious,Pointer,friendly,9
Andrea,Wells,neurotic,Dane,friendly,4
Richard,Heard,loud,BassetHund,aggressive,3
Debrah,Evans,hostile,Maltese,aloof,6
Terrance,Wooten,neurotic,Bulldog,friendly,10
Joan,McCartney,hostile,Spaniel,aggressive,10
Kathy,Riley,loud,Rottweiler,aggressive,9
Elaine,Ohler,neurotic,Boxer,aloof,12
Paul,Huffman,abnoxious,Dane,friendly,14
Reba,Crouse,hostile,Pug,aloof,13
Marina,Loftin,loud,Pug,aloof,3
Scott,Dietrick,quiet,BassetHund,friendly,15
David,Lussier,hilarious,Beagle,friendly,15
Roy,Hutchison,quiet,Pomeranian,friendly,3
Shirley,Bow,neurotic,Beagle,friendly,10
Rose,Burgess,neurotic,Beagle,friendly,7
Gordon,Mace,neurotic,Poodle,friendly,1
Julie,Knudson,loud,Doberman,shy,7
Gregory,Reed,hilarious,Boxer,friendly,9
Virginia,Manning,quiet,Pointer,friendly,11
Meg,Barrientez,quiet,Doberman,aggressive,8
Henry,Mead,abnoxious,Poodle,scared,11
Kevin,Daniel,quiet,Pomeranian,aloof,9
Derek,Prince,loud,Boxer,shy,4
Rebecca,Pearsall,neurotic,Chihuahua,scared,7
James,Cramer,neurotic,Poodle,shy,7
Mary,Wideman,hilarious,Rottweiler,aggressive,7
Brenda,Aten,hostile,Rottweiler,aggressive,6
Michael,Gallant,hilarious,BassetHund,friendly,4
Thelma,Caldwell,hostile,Dane,friendly,13
Cheryl,Harvey,abnoxious,Doberman,aggressive,9
Ellyn,Slawson,abnoxious,Beagle,aggressive,11
Joshua,Vannest,abnoxious,Beagle,friendly,3
Richard,Buckle,neurotic,Pug,friendly,11
Todd,Brantley,hostile,BassetHund,aloof,15
Cherise,Carone,abnoxious,Doberman,friendly,15
Deborah,Keller,loud,Dachshund,aloof,14
Paula,Marek,neurotic,Dachshund,aloof,14
Ronald,Allison,loud,Boxer,aloof,15
David,Frazier,hostile,BassetHund,shy,14
Patrice,Gunter,neurotic,Bulldog,shy,16
Mary,Duggan,neurotic,Bulldog,scared,16
Jeffrey,Appell,loud,Beagle,shy,7
Susan,Angus,hilarious,Boxer,friendly,8
Elsa,Nees,hilarious,Rottweiler,friendly,8
Dustin,Pearson,loud,Rottweiler,aggressive,6
Michael,Amann,abnoxious,Boxer,aggressive,14
Alma,Godwin,neurotic,Dachshund,friendly,6
Shirley,Neese,abnoxious,Pointer,aloof,5
Allan,Fleishman,neurotic,Chihuahua,aggressive,10
Kendall,Fernandez,hostile,Dachshund,scared,11
Ruben,Deberry,hostile,BassetHund,aggressive,16
Mary,Santiago,loud,Beagle,scared,11
Albert,Bryan,neurotic,Doberman,scared,14
Joshua,Abel,abnoxious,Beagle,aggressive,1
Jane,Michel,hostile,BassetHund,friendly,7
Cindy,Freese,quiet,Pointer,friendly,10
Mattie,Sibley,loud,Dachshund,friendly,16
Avis,Cain,quiet,Chihuahua,scared,8
Robert,Bauer,neurotic,Pomeranian,shy,11
Lloyd,Frier,quiet,Maltese,aloof,16
Walter,Higley,quiet,Spaniel,shy,15
Barbara,Baggs,abnoxious,Chihuahua,scared,15
Chad,Maddox,neurotic,Spaniel,shy,12
John,Barron,neurotic,Dachshund,friendly,15
Randall,Rexford,neurotic,Boxer,shy,13
Dominick,Dodson,quiet,Bulldog,scared,16
Marcus,Neely,neurotic,Beagle,friendly,1
Johnny,Mattison,loud,Rottweiler,aggressive,5
James,Stell,neurotic,Dane,aloof,1
Jeremiah,Crompton,hostile,Spaniel,aggressive,1
Alberto,Steiner,hostile,Doberman,friendly,10
Darnell,Peacock,loud,Bulldog,aggressive,13
Pearlie,Carney,abnoxious,Dane,scared,14
Armando,Debnam,loud,Boxer,shy,6
Denise,Gil,hilarious,Chihuahua,friendly,11
Ed,Hoppe,loud,Pomeranian,scared,10
Shirley,Coates,loud,BassetHund,friendly,4
Jeremy,Vanlandingham,hilarious,Doberman,friendly,7
Charlene,Ogle,hilarious,Poodle,friendly,8
Kendra,Serrano,neurotic,Maltese,aloof,9
Sheryl,Garica,hostile,Beagle,shy,6
Paul,Edgington,quiet,Pug,friendly,11
Patrick,Tatum,abnoxious,Rottweiler,aggressive,11
Dwayne,Carrier,loud,Pomeranian,friendly,11
Lori,Winsor,hilarious,Doberman,friendly,2
Dena,Andrews,quiet,Bulldog,scared,1
Donald,Jamison,abnoxious,Doberman,aloof,3
Laurie,Barnes,loud,Poodle,aloof,13
Jarrod,Tan,hostile,Poodle,scared,12
Kenneth,Isabelle,hostile,Pomeranian,aggressive,16
Robert,Suggs,hilarious,Boxer,friendly,9
Christopher,Stanton,neurotic,Boxer,aggressive,4
Rita,Masse,quiet,Spaniel,friendly,2
Nellie,Howard,abnoxious,Pomeranian,shy,16
Anne,Salvatore,quiet,Beagle,aloof,3
James,Natali,quiet,Dachshund,aggressive,13
Alice,Albro,quiet,Chihuahua,aloof,14
Donnie,Potter,loud,Bulldog,scared,3
Jacob,Nowlin,abnoxious,Poodle,aloof,15
Fannie,Whittenburg,loud,Spaniel,friendly,16
Joseph,Shriver,loud,Maltese,scared,16
Shirley,Patel,hilarious,Maltese,friendly,10
Jacqueline,Swenson,neurotic,Rottweiler,aggressive,5
Grace,Easter,abnoxious,Spaniel,scared,13
Avis,Page,hostile,Pomeranian,scared,1
